sample,seed,sw_stat_mismatch,status,trise_s,tfall_s,tpdlh_s,tpdhl_s,ipeak_source_a,ipeak_sink_a,ishoot_rise_a,ishoot_fall_a,energy_per_edge_j,vout_max_v,vout_min_v,vin_max_v,vin_min_v,n1_max_v,n1_min_v,n2_max_v,n2_min_v,n3_max_v,n3_min_v,n4_max_v,n4_min_v,n5_max_v,n5_min_v
baseline,,unset (plain harness deck),ok,3.26209e-09,3.30087e-09,2.388813e-09,2.650411e-09,1.8934203201,1.6439623141,0.3215864,0.0150661,1.8547476716e-08,6.0039687272,-0.00272178475,6.0,0.0,6.0192968873,-0.01053127808,6.0125429534,-0.007259534562,6.030520907,-0.0173162807,6.0413246585,-0.02471651123,6.0429047245,-0.02533167418
0,20290225,0,ok,3.26209e-09,3.30087e-09,2.388813e-09,2.650411e-09,1.8934203201,1.6439623141,0.3215864,0.0150661,1.8547476716e-08,6.0039687272,-0.00272178475,6.0,0.0,6.0192968873,-0.01053127808,6.0125429534,-0.007259534562,6.030520907,-0.0173162807,6.0413246585,-0.02471651123,6.0429047245,-0.02533167418
0,25290225,0,ok,3.26209e-09,3.30087e-09,2.388813e-09,2.650411e-09,1.8934203201,1.6439623141,0.3215864,0.0150661,1.8547476716e-08,6.0039687272,-0.00272178475,6.0,0.0,6.0192968873,-0.01053127808,6.0125429534,-0.007259534562,6.030520907,-0.0173162807,6.0413246585,-0.02471651123,6.0429047245,-0.02533167418
1,20290226,1,ok,3.259965e-09,3.304131e-09,2.38892e-09,2.651875e-09,1.8918553867,1.6375801526,0.3192708,0.01328007,1.8547289427e-08,6.0039114508,-0.002727741,6.0,0.0,6.019264991,-0.01054484149,6.0125125354,-0.007278168809,6.0305668173,-0.01731717488,6.0411981146,-0.0248539633,6.0431772761,-0.02531538203
2,20290227,1,ok,3.258077e-09,3.301792e-09,2.386198e-09,2.650646e-09,1.895840627,1.6424595768,0.324069,0.01154024,1.8547601963e-08,6.003960733,-0.002739706974,6.0,0.0,6.019283384,-0.01050565273,6.0127201331,-0.007333567096,6.0303806879,-0.01718512191,6.0406708665,-0.02472510478,6.0427818525,-0.02507846417
3,20290228,1,ok,3.26682e-09,3.292992e-09,2.390108e-09,2.646678e-09,1.88197762,1.6513512468,0.3201648,0.01702965,1.8547644762e-08,6.0039116764,-0.002769201839,6.0,0.0,6.0192993621,-0.01043451154,6.0127697326,-0.007141684496,6.0304083947,-0.01730725248,6.0410322851,-0.02450782504,6.0427238903,-0.0251949631
4,20290229,1,ok,3.254953e-09,3.301966e-09,2.385126e-09,2.651117e-09,1.8895961193,1.6474481283,0.3205517,0.01722629,1.8547875031e-08,6.0039667473,-0.002721580287,6.0,0.0,6.0193311943,-0.01051432905,6.0128378275,-0.007355559323,6.0303607978,-0.01725834223,6.0407864964,-0.02459042869,6.0433013159,-0.02519931895
5,20290230,1,ok,3.255472e-09,3.297485e-09,2.385361e-09,2.649494e-09,1.887367411,1.6458245499,0.3199048,0.01161756,1.8547497068e-08,6.0039491225,-0.002766487193,6.0,0.0,6.0192801453,-0.01043457928,6.0129091162,-0.007223701544,6.0305516779,-0.01735910601,6.0411624961,-0.02480314327,6.042949109,-0.02512462369
6,20290231,1,ok,3.259042e-09,3.296847e-09,2.38664e-09,2.649003e-09,1.8869715585,1.6499725158,0.3201104,0.01777535,1.8547538219e-08,6.0039228324,-0.002751960479,6.0,0.0,6.0192970164,-0.01047534137,6.0127788345,-0.007228803547,6.0304249845,-0.01732292422,6.041308801,-0.02460693601,6.0434254843,-0.0252314032
7,20290232,1,ok,3.270674e-09,3.292515e-09,2.394046e-09,2.645933e-09,1.8795475048,1.6443355442,0.3186343,0.005364253,1.8547681301e-08,6.003863713,-0.002767582609,6.0,0.0,6.0193244709,-0.01054662276,6.0127684926,-0.007321499661,6.0308693462,-0.0172860593,6.0412951026,-0.02503887406,6.0428572834,-0.0248835059
8,20290233,1,ok,3.260449e-09,3.304163e-09,2.388002e-09,2.651239e-09,1.8899283069,1.6278950772,0.3173604,0.01028594,1.8547768909e-08,6.0039072465,-0.002709937659,6.0,0.0,6.0192491735,-0.01053369722,6.0126320278,-0.00722945681,6.0304357234,-0.01737495037,6.041399344,-0.0248331949,6.0426802793,-0.02520136849
9,20290234,1,ok,3.261307e-09,3.310378e-09,2.388371e-09,2.656293e-09,1.8913069062,1.6372232584,0.3242063,0.009731034,1.8547308747e-08,6.0039995235,-0.002765161551,6.0,0.0,6.0193216372,-0.01054295575,6.0127086698,-0.007274294234,6.0304180833,-0.0170694003,6.0410603711,-0.02463503343,6.0426134695,-0.0249954435
10,20290235,1,ok,3.25999e-09,3.290383e-09,2.384742e-09,2.645543e-09,1.8870494876,1.6495485623,0.3216137,0.01306192,1.8548268242e-08,6.0038717094,-0.002729932832,6.0,0.0,6.0192761301,-0.01048696702,6.0124247685,-0.007268117387,6.0304134105,-0.01735089196,6.0413212442,-0.02482233667,6.0425471766,-0.02511397415
11,20290236,1,ok,3.259417e-09,3.298177e-09,2.387156e-09,2.648168e-09,1.8954716753,1.6390877328,0.3235318,0.01255648,1.8547923384e-08,6.0038606428,-0.002734797533,6.0,0.0,6.0192942824,-0.01043651948,6.0128595085,-0.007244857622,6.0303593113,-0.01723820609,6.0414301803,-0.02481704413,6.0427411479,-0.02520649416
12,20290237,1,ok,3.251645e-09,3.299474e-09,2.382471e-09,2.650202e-09,1.8918322345,1.648748173,0.3208115,0.01743518,1.8547581528e-08,6.003956811,-0.002742575822,6.0,0.0,6.019267443,-0.01039547144,6.0127861186,-0.007111552296,6.0306026574,-0.01725993859,6.0412791105,-0.02472304663,6.0431442415,-0.02538450395
13,20290238,1,ok,3.27313e-09,3.298291e-09,2.391708e-09,2.651781e-09,1.8783086694,1.6366263831,0.3167479,0.01165434,1.85471811e-08,6.0039210861,-0.00277846445,6.0,0.0,6.0193877977,-0.01045023373,6.01261501,-0.007101540259,6.0307261951,-0.01726992028,6.0408155683,-0.02479188704,6.0422112477,-0.02507226173
14,20290239,1,ok,3.269927e-09,3.306716e-09,2.392407e-09,2.653361e-09,1.8784110969,1.6443704121,0.3178091,0.01593458,1.8547213831e-08,6.0039935311,-0.002755945978,6.0,0.0,6.0193140311,-0.01051526333,6.0124283394,-0.007169436393,6.0305771145,-0.01725640182,6.0408029876,-0.02459836933,6.0433645731,-0.02528631739
15,20290240,1,ok,3.257179e-09,3.302683e-09,2.388753e-09,2.649724e-09,1.8904030005,1.6417889798,0.3157534,0.01064374,1.8547141027e-08,6.0039509098,-0.00275470387,6.0,0.0,6.0192356419,-0.01050768898,6.0125151014,-0.00719979184,6.0302249904,-0.01729717154,6.0417472339,-0.02481840272,6.0430529844,-0.02530668563
16,20290241,1,ok,3.26176e-09,3.296492e-09,2.386992e-09,2.64865e-09,1.8831034368,1.6325214148,0.3195865,0.003847589,1.8547703033e-08,6.0039119598,-0.002729108718,6.0,0.0,6.0192991788,-0.01052013137,6.0124851811,-0.007203916928,6.0305103574,-0.0173230415,6.0414378176,-0.02494295425,6.0431198015,-0.02530769484
17,20290242,1,failed,,,,,1.2203641994e-12,1.8873516063e-11,0.0,0.0,2.1763466808e-22,2.4244678608e-09,2.4244677826e-09,0.0,0.0,5.9999999942,5.9999999942,1.5399463649e-09,1.539944533e-09,5.9999999996,5.9999999996,2.2841826098e-09,2.2841772802e-09,5.9999999988,5.9999999988
18,20290243,1,ok,3.269244e-09,3.304853e-09,2.392682e-09,2.651291e-09,1.8824861178,1.641238004,0.3166263,0.01097447,1.8547434414e-08,6.0039013643,-0.002737571701,6.0,0.0,6.0192609492,-0.01053368274,6.0125455045,-0.00728602463,6.0303591176,-0.01725395433,6.0412125546,-0.02468581944,6.0431140047,-0.02525808609
19,20290244,1,ok,3.271601e-09,3.311233e-09,2.393458e-09,2.655849e-09,1.8838353893,1.6351433147,0.3162372,0.01551947,1.8547265714e-08,6.0039343027,-0.002743350568,6.0,0.0,6.0193051961,-0.01047035943,6.0128038032,-0.007280697005,6.0304862599,-0.01719974666,6.0411682508,-0.02479995101,6.0426514798,-0.02533099926
20,20290245,1,ok,3.261435e-09,3.298635e-09,2.389443e-09,2.647197e-09,1.8838263112,1.6442613008,0.3161789,0.01039883,1.854776827e-08,6.0039585914,-0.002744638815,6.0,0.0,6.0192327419,-0.01047020769,6.0128060769,-0.007225374835,6.0304916404,-0.0171555418,6.0408285159,-0.02465349329,6.0431654137,-0.02501887997
21,20290246,1,ok,3.268035e-09,3.310498e-09,2.394418e-09,2.654686e-09,1.8833594377,1.630450954,0.314967,0.009603946,1.8547117176e-08,6.0039560454,-0.002767889448,6.0,0.0,6.0193071599,-0.01054231243,6.0125701303,-0.007381831773,6.0304617447,-0.01729107129,6.0414952607,-0.02491539159,6.0425058534,-0.02524218898
22,20290247,1,ok,3.262116e-09,3.303364e-09,2.38748e-09,2.653856e-09,1.8859220029,1.6423584057,0.3203729,0.00986727,1.8547213582e-08,6.0039300438,-0.002755086995,6.0,0.0,6.0193554105,-0.010497142,6.0127492922,-0.007200170893,6.030758043,-0.0173068156,6.0411497047,-0.02485057574,6.0429869855,-0.02526412306
23,20290248,1,ok,3.263532e-09,3.298243e-09,2.390687e-09,2.648219e-09,1.8901852378,1.6402141633,0.3213853,0.01107168,1.8547101365e-08,6.0039151498,-0.002771956676,6.0,0.0,6.0192631504,-0.01049002865,6.0127793783,-0.007266128736,6.0303975508,-0.01713322965,6.0410287555,-0.02488547779,6.0433875759,-0.0253569136
24,20290249,1,ok,3.261285e-09,3.299688e-09,2.388298e-09,2.650069e-09,1.8865246689,1.6418693054,0.3200734,0.008808164,1.8547341761e-08,6.0039084589,-0.002755041249,6.0,0.0,6.0193002048,-0.01051882793,6.0127424749,-0.007390101053,6.0302941006,-0.01715108363,6.0409497852,-0.02452326302,6.0428266611,-0.02543673703
25,20290250,1,ok,3.256103e-09,3.298139e-09,2.387061e-09,2.647873e-09,1.8844373179,1.6415594294,0.3177467,0.006726396,1.8547816065e-08,6.0038926761,-0.002742580441,6.0,0.0,6.0192681921,-0.01047743369,6.0128156143,-0.007257871596,6.0307090353,-0.01717812341,6.0408275265,-0.02480359302,6.0429602635,-0.0248954506
26,20290251,1,ok,3.268968e-09,3.299145e-09,2.392657e-09,2.650233e-09,1.889542754,1.6498718253,0.3213127,0.01846256,1.8547149339e-08,6.0039527832,-0.002722020747,6.0,0.0,6.0193461533,-0.01055448272,6.0128574018,-0.007297123686,6.0301842693,-0.01721342923,6.0409556596,-0.02448495121,6.0431979734,-0.02536004067
27,20290252,1,ok,3.257589e-09,3.298382e-09,2.384372e-09,2.651099e-09,1.8882906944,1.6473043598,0.3212961,0.01339859,1.8547753449e-08,6.0039497711,-0.002748258013,6.0,0.0,6.0193464078,-0.01045875272,6.0128275403,-0.007181998868,6.0303756106,-0.01730514832,6.0411771995,-0.02458647457,6.0425071605,-0.02511386053
28,20290253,1,ok,3.257373e-09,3.296396e-09,2.388075e-09,2.646814e-09,1.8844702027,1.6451775777,0.3184244,0.009879121,1.8547527615e-08,6.0038777463,-0.002749048094,6.0,0.0,6.0192955374,-0.0105267355,6.0124592274,-0.007257022615,6.0306071423,-0.0173047331,6.0413696241,-0.02488708176,6.0428252478,-0.02537999852
29,20290254,1,ok,3.260339e-09,3.307758e-09,2.388689e-09,2.654516e-09,1.889026407,1.6412939837,0.3157962,0.01794086,1.8547124085e-08,6.0040033243,-0.00275389283,6.0,0.0,6.019284052,-0.01047478109,6.0129036989,-0.007328107641,6.0302906025,-0.01731002741,6.0412500293,-0.02463220099,6.0427452667,-0.02535238375
30,20290255,1,ok,3.263141e-09,3.29412e-09,2.390049e-09,2.646583e-09,1.8865622082,1.6491452516,0.3157408,0.01422098,1.8547653741e-08,6.0039061403,-0.002751712109,6.0,0.0,6.0193064462,-0.01053138407,6.0125202409,-0.007269390935,6.0306376007,-0.01734897608,6.0415925586,-0.02468832837,6.0429320345,-0.02505374616
31,20290256,1,ok,3.257119e-09,3.305622e-09,2.387115e-09,2.654296e-09,1.8938507171,1.6382941984,0.3195286,0.01294433,1.8547459621e-08,6.0039364289,-0.00271390659,6.0,0.0,6.0193607296,-0.01058861781,6.0125665624,-0.007283010803,6.030485507,-0.01734995574,6.0415703962,-0.02494707239,6.0430046425,-0.02524946621
32,20290257,1,ok,3.257308e-09,3.300288e-09,2.387161e-09,2.649763e-09,1.8956406388,1.6434214733,0.3238684,0.0114834,1.8547555678e-08,6.0039429582,-0.002745149241,6.0,0.0,6.0193008092,-0.01052952531,6.0127571129,-0.007257589872,6.0303593861,-0.01720195022,6.0411333281,-0.02495465297,6.0430537799,-0.02502933631
33,20290258,1,ok,3.265451e-09,3.307068e-09,2.391668e-09,2.652633e-09,1.8917646183,1.6289526987,0.3237357,0.01151776,1.8547156538e-08,6.0039197323,-0.002750288916,6.0,0.0,6.019272414,-0.01050612004,6.0127626243,-0.007344069195,6.0304630973,-0.01716174544,6.041263109,-0.02495559433,6.0432279013,-0.02532157323
34,20290259,1,ok,3.271816e-09,3.299762e-09,2.395357e-09,2.649151e-09,1.8832330731,1.643738797,0.3155021,0.0104097,1.8547143562e-08,6.0039563158,-0.002758399725,6.0,0.0,6.0193356547,-0.01052887354,6.0125065585,-0.007222421786,6.030481824,-0.01722248816,6.0410003677,-0.02464319695,6.0432479459,-0.02533726579
35,20290260,1,ok,3.258757e-09,3.294342e-09,2.388457e-09,2.64473e-09,1.8859094017,1.6428721519,0.3199099,0.00753142,1.854776229e-08,6.0038616122,-0.002737181028,6.0,0.0,6.0192504238,-0.01043888834,6.0126908271,-0.007336590513,6.0306843543,-0.01728405198,6.0413871494,-0.02510618203,6.0432826983,-0.02516095164
36,20290261,1,ok,3.263423e-09,3.306505e-09,2.390376e-09,2.653965e-09,1.8813022094,1.6400426352,0.3176172,0.007470128,1.8547374803e-08,6.0039462412,-0.00274774838,6.0,0.0,6.0193409987,-0.01051020916,6.0128356373,-0.007304028091,6.0303424736,-0.01729060506,6.0410770168,-0.0249209367,6.0432750043,-0.02528665484
37,20290262,1,ok,3.257704e-09,3.302801e-09,2.383696e-09,2.652974e-09,1.8963637525,1.6453487556,0.3220911,0.01554667,1.8547593759e-08,6.0039594684,-0.002708032797,6.0,0.0,6.0192933977,-0.01042906699,6.0127609911,-0.007141459225,6.0303511773,-0.01727829952,6.041416864,-0.02475536757,6.0427401992,-0.02516253302
38,20290263,1,ok,3.262676e-09,3.301688e-09,2.388038e-09,2.65205e-09,1.8844599014,1.6471162846,0.3201438,0.01694425,1.854753164e-08,6.0039569644,-0.002757029684,6.0,0.0,6.0193287456,-0.01044382068,6.0127678859,-0.007290900772,6.0305814313,-0.01722134375,6.0408682515,-0.02451573539,6.0429142282,-0.02519783281
39,20290264,1,ok,3.255958e-09,3.295575e-09,2.386783e-09,2.646822e-09,1.8960808751,1.6411414369,0.3237364,0.01050671,1.8547987714e-08,6.0038772266,-0.002744159259,6.0,0.0,6.0193228998,-0.01055076303,6.0127202979,-0.007403372983,6.0306018619,-0.01722449988,6.0408804161,-0.02469614469,6.0419064528,-0.02493748329
40,20290265,1,ok,3.26275e-09,3.299171e-09,2.387854e-09,2.651344e-09,1.8823981062,1.6436104621,0.3196066,0.01023721,1.8547694834e-08,6.0039589059,-0.002744196214,6.0,0.0,6.0193314704,-0.01053035039,6.0126136231,-0.00720587624,6.0305296708,-0.01728821302,6.0415465757,-0.02479179989,6.042927454,-0.02509480838
41,20290266,1,ok,3.267832e-09,3.307162e-09,2.392751e-09,2.653291e-09,1.8853854483,1.6435834298,0.3149381,0.01484331,1.854704893e-08,6.0039309915,-0.00274668813,6.0,0.0,6.0192864834,-0.01053567031,6.0125757566,-0.007218509928,6.0305595245,-0.01731367708,6.0415829624,-0.02485350584,6.0429394525,-0.02541473165
42,20290267,1,ok,3.265136e-09,3.299264e-09,2.389451e-09,2.651187e-09,1.8824199827,1.6425993761,0.319742,0.009401573,1.8547562105e-08,6.0039030727,-0.002756255525,6.0,0.0,6.0193450818,-0.01054502546,6.0127864613,-0.007141839058,6.0306489434,-0.01726734234,6.0410812128,-0.02478637032,6.0429817119,-0.02490154977
43,20290268,1,ok,3.267284e-09,3.3058e-09,2.391858e-09,2.652807e-09,1.8785807628,1.6407991135,0.3173328,0.007876618,1.8547023809e-08,6.0039402403,-0.002757482435,6.0,0.0,6.0193016657,-0.01051505103,6.0123522966,-0.00722300136,6.0304418242,-0.01727881097,6.041279752,-0.02484766459,6.0431756111,-0.02556184048
44,20290269,1,ok,3.27289e-09,3.296922e-09,2.394937e-09,2.647577e-09,1.8815517502,1.6442441366,0.3154282,0.01620581,1.8547428727e-08,6.0039407745,-0.002751649372,6.0,0.0,6.0193379137,-0.01053601633,6.0124042171,-0.007283985376,6.0306259221,-0.01722599158,6.0414680598,-0.02482686388,6.0429312112,-0.02528967557
45,20290270,1,ok,3.254913e-09,3.310156e-09,2.385927e-09,2.654515e-09,1.8887041154,1.6424102544,0.3203022,0.01407167,1.8547436485e-08,6.0040402171,-0.00274649402,6.0,0.0,6.0192515792,-0.01037119761,6.0127808062,-0.007275690515,6.030436536,-0.01717059806,6.0413389763,-0.02477591434,6.0431164571,-0.02515226566
46,20290271,1,ok,3.27195e-09,3.305135e-09,2.393275e-09,2.652361e-09,1.8800805923,1.6407885948,0.3201056,0.007504748,1.8547362409e-08,6.0039477398,-0.002765184197,6.0,0.0,6.0193295731,-0.01044499468,6.0127198506,-0.007227691536,6.0305064544,-0.01704343643,6.0408550172,-0.02486954393,6.0427838411,-0.02533009195
47,20290272,1,ok,3.265509e-09,3.30052e-09,2.391903e-09,2.650513e-09,1.8857706402,1.6380297205,0.3154131,0.01189863,1.8547383865e-08,6.0039565229,-0.002741274515,6.0,0.0,6.0193955387,-0.01056908026,6.0124536427,-0.007294715187,6.0305372996,-0.01725195299,6.0419187056,-0.02488537355,6.0430504988,-0.02534459059
48,20290273,1,ok,3.260421e-09,3.297955e-09,2.388405e-09,2.648565e-09,1.8826695014,1.6494098097,0.3181576,0.01711785,1.8547555478e-08,6.0039564672,-0.002751952812,6.0,0.0,6.0192721763,-0.01048289938,6.0129039307,-0.007275379046,6.0307333247,-0.01731003378,6.0406975091,-0.0246039839,6.0430638094,-0.02532082472
49,20290274,1,ok,3.251645e-09,3.304846e-09,2.382799e-09,2.653705e-09,1.8883487807,1.6461548303,0.3195761,0.01697451,1.8547574839e-08,6.0039819066,-0.002722221084,6.0,0.0,6.0193027438,-0.01053967571,6.0126262017,-0.007381903372,6.0307106751,-0.01731994742,6.0411632704,-0.02487918088,6.0432397122,-0.02521747985
50,20290275,1,ok,3.265156e-09,3.303535e-09,2.389765e-09,2.653027e-09,1.8805239133,1.6431469453,0.3186516,0.01191372,1.8547494848e-08,6.0040145792,-0.002756745042,6.0,0.0,6.0193370166,-0.01052090756,6.0125019253,-0.007265025302,6.0303985851,-0.01726723002,6.0412025467,-0.02466398291,6.0430622904,-0.0250342797
51,20290276,1,ok,3.25868e-09,3.30007e-09,2.38632e-09,2.650144e-09,1.8955630484,1.6461930329,0.3238912,0.01454192,1.854759529e-08,6.0039673773,-0.002741075442,6.0,0.0,6.0192600898,-0.01046602383,6.0127856708,-0.007264585371,6.0307067614,-0.01721050697,6.0409507889,-0.02465337398,6.0430398577,-0.02526056398
52,20290277,1,ok,3.260507e-09,3.302854e-09,2.389967e-09,2.649714e-09,1.8898119415,1.6422980335,0.3176996,0.01158073,1.8547471183e-08,6.0039175179,-0.002730373716,6.0,0.0,6.0192585672,-0.0105284194,6.0124911041,-0.007258040523,6.0303963109,-0.01730512538,6.0415004754,-0.02501600359,6.0427676883,-0.02527867971
53,20290278,1,ok,3.262475e-09,3.295949e-09,2.388203e-09,2.648787e-09,1.8843653934,1.6412376379,0.3200752,0.005396194,1.8547500893e-08,6.0038838491,-0.002757377445,6.0,0.0,6.0193437689,-0.01045104052,6.012797877,-0.007259166284,6.0305244773,-0.01725920376,6.0407074234,-0.0245378443,6.0430612974,-0.02511928454
54,20290279,1,ok,3.266862e-09,3.30299e-09,2.390085e-09,2.651711e-09,1.8829493326,1.639390152,0.3201799,0.006926427,1.854744525e-08,6.0039205866,-0.002761646534,6.0,0.0,6.0192668381,-0.01047020058,6.0126748737,-0.007195754711,6.0307019127,-0.01722144319,6.0407690207,-0.02456796806,6.0428000118,-0.02511649348
55,20290280,1,ok,3.261827e-09,3.304872e-09,2.385444e-09,2.655938e-09,1.885322608,1.6376167793,0.3159219,0.01572189,1.8547201147e-08,6.0039541029,-0.002745357567,6.0,0.0,6.0193445845,-0.01051199652,6.0127208909,-0.007160433823,6.0304560946,-0.01727774815,6.0412131545,-0.02471944674,6.042851481,-0.02503716269
56,20290281,1,ok,3.266578e-09,3.297694e-09,2.389669e-09,2.649157e-09,1.879859048,1.6415230668,0.3189875,0.007562724,1.8547684896e-08,6.0038905186,-0.002751062347,6.0,0.0,6.0192969635,-0.01049121459,6.0124103625,-0.007257237543,6.0304489794,-0.01729339008,6.0418876409,-0.02487879663,6.0430366672,-0.02503161539
57,20290282,1,ok,3.263616e-09,3.30273e-09,2.38961e-09,2.651657e-09,1.8833569864,1.6390180905,0.3199242,0.01412703,1.8547390182e-08,6.0039756626,-0.002750067348,6.0,0.0,6.0193132544,-0.01045831499,6.0127386511,-0.00725069793,6.0304584496,-0.01718786439,6.0414029335,-0.02481144431,6.0431692752,-0.02540852378
58,20290283,1,ok,3.267842e-09,3.30075e-09,2.389535e-09,2.651468e-09,1.887979907,1.63230321,0.3217467,0.009542143,1.8547339348e-08,6.0039622046,-0.002771685425,6.0,0.0,6.0192862063,-0.01039083838,6.0127020299,-0.007133262187,6.03045321,-0.01718328453,6.0412473383,-0.02480914646,6.0425242388,-0.02533669864
59,20290284,1,ok,3.263452e-09,3.30009e-09,2.388924e-09,2.651287e-09,1.8920775622,1.6385658426,0.324135,0.01142007,1.8547318041e-08,6.0039017684,-0.00275847675,6.0,0.0,6.0193299159,-0.01054960187,6.0128019649,-0.007206732781,6.030403059,-0.01713927788,6.0408824135,-0.02458855632,6.0429872471,-0.02510768719
60,20290285,1,ok,3.272762e-09,3.299168e-09,2.39575e-09,2.646677e-09,1.8853932394,1.6414827687,0.3231194,0.008955001,1.8547367243e-08,6.0039186366,-0.002774988011,6.0,0.0,6.0192761981,-0.01047206996,6.0126521473,-0.007244847076,6.0304523254,-0.01727303011,6.041059422,-0.02475852369,6.0423862491,-0.02525172403
61,20290286,1,ok,3.260222e-09,3.30197e-09,2.388816e-09,2.649531e-09,1.8868938563,1.6378856713,0.3169907,0.006258959,1.8547278141e-08,6.003877841,-0.002739504031,6.0,0.0,6.0192225339,-0.01052876181,6.0125173275,-0.007285491795,6.0307221037,-0.01734913165,6.0415037939,-0.02475018075,6.0432513455,-0.02542533343
62,20290287,1,ok,3.258049e-09,3.300842e-09,2.384206e-09,2.65377e-09,1.8937287002,1.6474618595,0.3233687,0.01489468,1.8547206631e-08,6.004005472,-0.002741806828,6.0,0.0,6.0194073784,-0.01046366991,6.0127325569,-0.007119386751,6.0304914358,-0.01738110572,6.0412170771,-0.02483568035,6.0432117774,-0.02526581788
63,20290288,1,ok,3.274074e-09,3.301753e-09,2.392609e-09,2.65362e-09,1.8838834218,1.6385391777,0.3211966,0.007563287,1.8547333399e-08,6.0039473096,-0.002771380955,6.0,0.0,6.0193692469,-0.01051759944,6.0127495412,-0.007217964614,6.0304983951,-0.01731223296,6.0411793389,-0.02471627106,6.0425637077,-0.02507147319
64,20290289,1,ok,3.264097e-09,3.299511e-09,2.391664e-09,2.647666e-09,1.8818306163,1.64625637,0.3184391,0.01399354,1.8547501123e-08,6.0039474453,-0.002730837157,6.0,0.0,6.019270171,-0.01052180231,6.012942093,-0.007457723763,6.0304765455,-0.01724399704,6.0406383639,-0.02461431501,6.0432800025,-0.02551127369
65,20290290,1,ok,3.263873e-09,3.305476e-09,2.390683e-09,2.652806e-09,1.8908992549,1.6334402864,0.3236174,0.0105393,1.8547388891e-08,6.003892701,-0.002764691384,6.0,0.0,6.0192725752,-0.01049359412,6.0128682924,-0.007285810096,6.0306295985,-0.01729937325,6.041624794,-0.02481485195,6.0428793851,-0.02515283107
66,20290291,1,ok,3.256288e-09,3.2958e-09,2.386773e-09,2.647535e-09,1.8853250986,1.6339450861,0.3182056,0.003982846,1.8547608829e-08,6.0039322411,-0.002743400145,6.0,0.0,6.0193041251,-0.0105393643,6.0125260254,-0.007266243649,6.0305109403,-0.01729104888,6.0417560007,-0.02482335302,6.04301954,-0.02534764386
67,20290292,1,ok,3.240277e-09,3.306939e-09,2.380008e-09,2.651597e-09,1.9070005006,1.6433818934,0.3242425,0.01729628,1.8548206463e-08,6.0039999631,-0.002698745616,6.0,0.0,6.0192767652,-0.01053617281,6.0129950645,-0.007381373664,6.0303103525,-0.01716783544,6.0407978507,-0.02461420248,6.0427359862,-0.02510972598
68,20290293,1,ok,3.271622e-09,3.299338e-09,2.393788e-09,2.649067e-09,1.8821104284,1.6367207917,0.3159088,0.00817567,1.8547013797e-08,6.0038982292,-0.002761644746,6.0,0.0,6.0192712464,-0.01042805619,6.0127774219,-0.007220434322,6.0307140115,-0.01712307224,6.0407411481,-0.02466737937,6.0430589073,-0.02526559936
69,20290294,1,ok,3.262234e-09,3.297841e-09,2.386546e-09,2.651274e-09,1.8867152334,1.6490883131,0.3210602,0.01487989,1.8547715207e-08,6.0039584238,-0.002744163997,6.0,0.0,6.0193247248,-0.01042712256,6.012812434,-0.007301428691,6.0306590779,-0.01737422263,6.0419675307,-0.02490910436,6.042809684,-0.02511023037
70,20290295,1,ok,3.260939e-09,3.301867e-09,2.386729e-09,2.651746e-09,1.8921082454,1.6366557676,0.3218014,0.009512892,1.8547516628e-08,6.0039756209,-0.002757580865,6.0,0.0,6.0192442198,-0.01046134986,6.0127862884,-0.00714648678,6.0306385388,-0.01731531118,6.0411050458,-0.02479166181,6.0427301708,-0.02524462181
71,20290296,1,ok,3.261983e-09,3.300017e-09,2.389842e-09,2.649925e-09,1.8918143668,1.6414816621,0.3202684,0.01310652,1.8547484079e-08,6.0038771661,-0.002723251273,6.0,0.0,6.0193034529,-0.01056819175,6.0126018127,-0.007335875275,6.0304147888,-0.01733420136,6.0414543817,-0.02475822823,6.0423413658,-0.02538183334
72,20290297,1,ok,3.256621e-09,3.295652e-09,2.384997e-09,2.647342e-09,1.8862137308,1.6426370124,0.318291,0.008061917,1.8548073993e-08,6.0039229162,-0.002722285277,6.0,0.0,6.0192840818,-0.01052021843,6.0125541372,-0.007218060466,6.0305945093,-0.01733457757,6.0410422263,-0.02466565149,6.0426541403,-0.02523393315
73,20290298,1,ok,3.264856e-09,3.301403e-09,2.391419e-09,2.651034e-09,1.8840972327,1.6487457857,0.3161873,0.01781843,1.8547066724e-08,6.0039570886,-0.002750580136,6.0,0.0,6.0193528115,-0.01055700978,6.0124862569,-0.007279674705,6.0306309396,-0.01727724126,6.0409441449,-0.02471047077,6.0436658565,-0.02524808931
74,20290299,1,ok,3.271512e-09,3.299399e-09,2.39131e-09,2.650848e-09,1.8874593729,1.6421457711,0.3223353,0.01090325,1.854773169e-08,6.0039221749,-0.002763794074,6.0,0.0,6.0192997166,-0.01045291661,6.0127007971,-0.007109127764,6.030726825,-0.01716039197,6.0414448302,-0.02475381382,6.0423446972,-0.02501833413
75,20290300,1,ok,3.272596e-09,3.296177e-09,2.394953e-09,2.648423e-09,1.8764182569,1.6486944199,0.3178944,0.01372162,1.8547344027e-08,6.0038690854,-0.002760934936,6.0,0.0,6.0193565106,-0.01052381236,6.0128456827,-0.007349784494,6.0304960168,-0.01723888673,6.040852776,-0.02476113962,6.0431300498,-0.02531893126
76,20290301,1,ok,3.263839e-09,3.305094e-09,2.391919e-09,2.65182e-09,1.8904450056,1.6453616469,0.3210807,0.01467195,1.8547161719e-08,6.004021937,-0.002757567687,6.0,0.0,6.0192918556,-0.01054491645,6.012838384,-0.007417445937,6.0304382106,-0.01718627321,6.0411570186,-0.02476535379,6.0430378864,-0.02521245041
77,20290302,1,ok,3.259585e-09,3.29673e-09,2.38913e-09,2.645908e-09,1.8869049133,1.644475517,0.3170543,0.01007914,1.8547449464e-08,6.0038835792,-0.002742370559,6.0,0.0,6.0192822645,-0.01053137401,6.0124886416,-0.00724612303,6.0305310429,-0.01728193864,6.0403879454,-0.02466190145,6.042993043,-0.02536262773
78,20290303,1,ok,3.270802e-09,3.295272e-09,2.396453e-09,2.644527e-09,1.8835809456,1.6452934741,0.3157664,0.0103254,1.8547409015e-08,6.0038698048,-0.002759442928,6.0,0.0,6.0192228287,-0.01050113003,6.012771481,-0.007326794294,6.0303104999,-0.0172725874,6.0418499027,-0.02500830535,6.0429855439,-0.02533778678
79,20290304,1,ok,3.258588e-09,3.296845e-09,2.38741e-09,2.647372e-09,1.8845186299,1.6469134218,0.3195188,0.01311713,1.8547765592e-08,6.0039441011,-0.002741131752,6.0,0.0,6.0192610789,-0.01047287536,6.0128273037,-0.007270028834,6.0303586905,-0.01717143611,6.0414162711,-0.02463713753,6.043054413,-0.02532895555
80,20290305,1,ok,3.257433e-09,3.304589e-09,2.385958e-09,2.655298e-09,1.8844916755,1.6440987761,0.3192858,0.01305131,1.8547340105e-08,6.0039678586,-0.002742909897,6.0,0.0,6.0193820072,-0.01054591122,6.0125843524,-0.007289514397,6.0305653798,-0.01735720011,6.0414864685,-0.02468995566,6.0431205567,-0.02514807981
81,20290306,1,ok,3.256473e-09,3.299513e-09,2.384943e-09,2.651097e-09,1.8870229669,1.6488679554,0.3199374,0.01747719,1.8547480957e-08,6.0039365428,-0.002735356217,6.0,0.0,6.0193397096,-0.01050205426,6.0124686076,-0.007265940917,6.0305970254,-0.0173101937,6.0411847299,-0.02456265548,6.0432720303,-0.02533542269
82,20290307,1,ok,3.26469e-09,3.301085e-09,2.389134e-09,2.651524e-09,1.8892576356,1.6470664098,0.3190486,0.01578737,1.8547631928e-08,6.0039695107,-0.002720970768,6.0,0.0,6.0193493539,-0.01055800987,6.0125868637,-0.007257804493,6.0304292972,-0.01727526144,6.0408535739,-0.02463002456,6.0426078289,-0.02515770096
83,20290308,1,ok,3.257484e-09,3.310062e-09,2.387734e-09,2.65404e-09,1.8915318038,1.637019556,0.3152888,0.009522909,1.8547279454e-08,6.0039156936,-0.002724250224,6.0,0.0,6.0192813502,-0.01052458887,6.0125263898,-0.00729847168,6.0304759586,-0.01730389701,6.0412882321,-0.0247715882,6.0430881907,-0.02535471008
84,20290309,1,ok,3.260075e-09,3.305097e-09,2.387183e-09,2.653595e-09,1.894428651,1.6414128432,0.3239121,0.0119682,1.8547791118e-08,6.0039360483,-0.002719831756,6.0,0.0,6.0193758323,-0.01053869373,6.0127057834,-0.007306939353,6.0304896353,-0.01722951862,6.0408198244,-0.02478128176,6.0425040462,-0.02492755803
85,20290310,1,ok,3.263004e-09,3.30314e-09,2.388747e-09,2.651502e-09,1.8835467563,1.6411802589,0.3198023,0.009974752,1.8547498215e-08,6.0039640018,-0.002764203068,6.0,0.0,6.019275472,-0.01047943914,6.0126448472,-0.007108421608,6.0304175676,-0.01708978176,6.0409010991,-0.02478453583,6.0427734337,-0.02488566255
86,20290311,1,ok,3.260816e-09,3.30409e-09,2.386606e-09,2.653343e-09,1.8857890651,1.6364333331,0.3204357,0.003943525,1.854757006e-08,6.0039586372,-0.00274205209,6.0,0.0,6.0192958362,-0.01052181618,6.0125047683,-0.007286588745,6.0304723055,-0.01736765703,6.0408640968,-0.02479115718,6.0428659334,-0.02506003961
87,20290312,1,ok,3.272975e-09,3.302158e-09,2.396613e-09,2.648591e-09,1.8767241997,1.6404900326,0.3186701,0.009467498,1.854760972e-08,6.0039789165,-0.002752976988,6.0,0.0,6.0192769357,-0.01052814639,6.012910674,-0.007395130353,6.0303884927,-0.01723951512,6.0408430706,-0.02472464081,6.0431132964,-0.02510706891
88,20290313,1,ok,3.258304e-09,3.298215e-09,2.386767e-09,2.649526e-09,1.8961532917,1.6395734626,0.3225837,0.0142812,1.8547705509e-08,6.0038877245,-0.002712547582,6.0,0.0,6.0193381157,-0.01052314037,6.012788594,-0.007288779021,6.0303841075,-0.01718135154,6.0414228331,-0.02470663162,6.0430175059,-0.02499231456
89,20290314,1,ok,3.254681e-09,3.30034e-09,2.385193e-09,2.649743e-09,1.8971391867,1.6443393366,0.323757,0.01334908,1.854754678e-08,6.0039439757,-0.002748207879,6.0,0.0,6.0192383708,-0.01048674156,6.0127129435,-0.007310661814,6.0305621529,-0.01717023989,6.0410345567,-0.02480565524,6.0427809985,-0.02512048554
90,20290315,1,ok,3.270453e-09,3.299778e-09,2.3951e-09,2.648413e-09,1.8833225487,1.6429405571,0.3151012,0.009717125,1.8547201731e-08,6.0038822121,-0.002753785174,6.0,0.0,6.0193179591,-0.01055811691,6.0125032769,-0.007235969046,6.0304286061,-0.01730978754,6.0408966339,-0.02486372492,6.0430005581,-0.02535236743
91,20290316,1,ok,3.262887e-09,3.304471e-09,2.389666e-09,2.651744e-09,1.8891266235,1.6414382081,0.3154367,0.01057463,1.8547321191e-08,6.003898558,-0.002721048407,6.0,0.0,6.0192985103,-0.01055013171,6.0125316207,-0.007261756159,6.0305246062,-0.01732018242,6.0415775565,-0.02478967372,6.0429548203,-0.02553496321
92,20290317,1,ok,3.252503e-09,3.294595e-09,2.382609e-09,2.647344e-09,1.8922725282,1.6452481652,0.32176,0.01045922,1.8547728371e-08,6.0039301687,-0.002747068754,6.0,0.0,6.0192686694,-0.01042106632,6.0127346031,-0.007075889573,6.0306931894,-0.01722389294,6.0410282785,-0.02486150893,6.0425628004,-0.025444572
93,20290318,1,ok,3.274897e-09,3.299789e-09,2.395428e-09,2.649353e-09,1.880726578,1.6403705876,0.3154108,0.007001926,1.8547107452e-08,6.0039124257,-0.002744815672,6.0,0.0,6.0193036414,-0.01049087222,6.0128096897,-0.007344200184,6.0304610165,-0.01717730072,6.0409391036,-0.02459247794,6.0436358415,-0.02518827392
94,20290319,1,ok,3.265582e-09,3.303791e-09,2.389706e-09,2.651303e-09,1.8837112657,1.6365055079,0.3171328,0.006223653,1.8547690062e-08,6.003908265,-0.002736942171,6.0,0.0,6.0192404062,-0.01051617358,6.0125381292,-0.007276774306,6.0304903861,-0.01734039312,6.0412107652,-0.0248625813,6.0428002647,-0.02515123066
95,20290320,1,ok,3.252115e-09,3.303812e-09,2.380557e-09,2.654533e-09,1.888138875,1.6446449579,0.318294,0.02078462,1.8547788868e-08,6.0039431485,-0.002727411809,6.0,0.0,6.0193060703,-0.01041442955,6.0127749872,-0.007120217251,6.0306028215,-0.01735545854,6.041302793,-0.02476223833,6.04224404,-0.02496085635
96,20290321,1,ok,3.257886e-09,3.300741e-09,2.384348e-09,2.65188e-09,1.8958650538,1.6478568201,0.321822,0.01545803,1.8547523624e-08,6.0040016554,-0.002716782424,6.0,0.0,6.0192857472,-0.01044101338,6.0127435349,-0.007152650788,6.0304436143,-0.01727902732,6.0413097365,-0.02497256104,6.0429793715,-0.02513992947
97,20290322,1,ok,3.27355e-09,3.306212e-09,2.395474e-09,2.651713e-09,1.8818984059,1.6400443989,0.3149611,0.01796895,1.8546958005e-08,6.0039038276,-0.002755518172,6.0,0.0,6.0192669254,-0.01052109042,6.0125919569,-0.007170438642,6.030552975,-0.01732595977,6.0409855942,-0.02479168159,6.0427534678,-0.02546676091
98,20290323,1,ok,3.256722e-09,3.296443e-09,2.38536e-09,2.649061e-09,1.8869979439,1.6512972696,0.3176397,0.01880241,1.8547452593e-08,6.0039209171,-0.002717937586,6.0,0.0,6.0193385513,-0.01053000528,6.0125536543,-0.007240709069,6.030755998,-0.0172735474,6.0409240388,-0.02472915865,6.0434089651,-0.02545482493
99,20290324,1,ok,3.252156e-09,3.304755e-09,2.384211e-09,2.65286e-09,1.8886727501,1.6363002848,0.3165835,0.006525039,1.8547461017e-08,6.0039929404,-0.002736948144,6.0,0.0,6.0193144116,-0.01055248779,6.0125055004,-0.007198890118,6.0304640682,-0.0172175954,6.0414190286,-0.02467959066,6.0433423168,-0.02525481533
100,20290325,1,ok,3.257327e-09,3.304152e-09,2.386346e-09,2.653561e-09,1.8886947206,1.6452601196,0.3206623,0.0140599,1.8547448443e-08,6.0039953955,-0.002752410182,6.0,0.0,6.0193248467,-0.01057585746,6.012937082,-0.007396803616,6.0305316458,-0.0173352873,6.040655966,-0.024804338,6.0424225435,-0.02518442335
101,20290326,1,ok,3.263872e-09,3.292719e-09,2.393166e-09,2.643604e-09,1.8894199551,1.6457979802,0.3215358,0.009843098,1.8547496234e-08,6.0039026095,-0.002767186403,6.0,0.0,6.0192753598,-0.01051929172,6.01291762,-0.007422782705,6.0305410984,-0.01720154279,6.0411701199,-0.02466977446,6.0430007517,-0.02535286482
102,20290327,1,ok,3.268621e-09,3.297328e-09,2.3896e-09,2.650447e-09,1.8839702305,1.6460011747,0.3211023,0.01225781,1.8547544277e-08,6.0039490939,-0.00275130474,6.0,0.0,6.0193279002,-0.01047440328,6.0125996173,-0.007134144114,6.0305809327,-0.01723638718,6.0412548713,-0.02512792652,6.04279956,-0.0252502465
103,20290328,1,ok,3.259817e-09,3.306627e-09,2.387592e-09,2.653087e-09,1.8895759554,1.6448601984,0.3158672,0.01635202,1.8547642684e-08,6.0040044519,-0.002721160509,6.0,0.0,6.0193319236,-0.01056680799,6.0125301501,-0.007243292735,6.0302246516,-0.01727588182,6.040976796,-0.02451898813,6.0427952977,-0.02528046195
104,20290329,1,ok,3.259917e-09,3.301697e-09,2.387853e-09,2.65167e-09,1.8837805312,1.6436962064,0.3190065,0.0115578,1.8547353879e-08,6.0039581578,-0.002759927513,6.0,0.0,6.0192810076,-0.01049620797,6.012861159,-0.00723721765,6.0305259156,-0.01732256599,6.0410406393,-0.02457155563,6.0432910908,-0.02514299654
105,20290330,1,ok,3.258628e-09,3.300738e-09,2.384778e-09,2.653078e-09,1.8958331945,1.6404365355,0.3233983,0.01469386,1.854761396e-08,6.0039422413,-0.002725824965,6.0,0.0,6.0193705082,-0.01050287173,6.0128874673,-0.007219641371,6.0303998068,-0.01734495918,6.0413690709,-0.02448985512,6.0425406567,-0.02511986757
106,20290331,1,ok,3.26514e-09,3.294205e-09,2.392178e-09,2.645324e-09,1.8849196473,1.6512378977,0.315111,0.01528103,1.8547737749e-08,6.0039592214,-0.002752013334,6.0,0.0,6.0192947766,-0.01048263463,6.0127503313,-0.007259087895,6.0302678441,-0.01715184944,6.0414637806,-0.02491234255,6.0428817923,-0.02501854851
107,20290332,1,ok,3.262167e-09,3.290779e-09,2.388519e-09,2.645059e-09,1.8895172468,1.6362043929,0.3219527,0.006782529,1.8547755748e-08,6.0039074237,-0.002757980897,6.0,0.0,6.0193384011,-0.01044947995,6.0127748374,-0.007156763931,6.0305523122,-0.01718388982,6.0408459965,-0.02481846394,6.0427236559,-0.02531807968
108,20290333,1,ok,3.263536e-09,3.298801e-09,2.385412e-09,2.652421e-09,1.8839992677,1.6424525894,0.3166719,0.007063032,1.8547714072e-08,6.0039057698,-0.002740010118,6.0,0.0,6.0193650005,-0.01041261867,6.0126564164,-0.007062260987,6.0306028341,-0.01739756565,6.0413078027,-0.02486180201,6.042410513,-0.02491862189
109,20290334,1,ok,3.260412e-09,3.30302e-09,2.387647e-09,2.651715e-09,1.8826602138,1.6449107123,0.3179066,0.01401074,1.8547652552e-08,6.0039761694,-0.002740517543,6.0,0.0,6.0193289296,-0.0105362821,6.0124334834,-0.007294249367,6.0307273169,-0.01736761393,6.0412197404,-0.0247278324,6.0431180434,-0.02516440938
110,20290335,1,ok,3.262399e-09,3.304435e-09,2.387519e-09,2.653254e-09,1.8877923791,1.6367882885,0.321427,0.01295097,1.8547594802e-08,6.0039586882,-0.002759919863,6.0,0.0,6.0192872838,-0.01044491924,6.0126934229,-0.007230524829,6.0305620009,-0.01719981207,6.0414352098,-0.02466747628,6.0423850297,-0.02527159558
111,20290336,1,ok,3.272867e-09,3.294669e-09,2.396302e-09,2.645465e-09,1.880854871,1.6449956168,0.3151184,0.009344385,1.8547076918e-08,6.0038572313,-0.002770800555,6.0,0.0,6.0192565868,-0.01053155789,6.0125731854,-0.007382534658,6.0302965081,-0.01723686673,6.0409887924,-0.02463269023,6.0429468126,-0.02545754844
112,20290337,1,ok,3.258302e-09,3.301725e-09,2.384893e-09,2.651454e-09,1.8866545331,1.6452571092,0.320757,0.01450604,1.8547567732e-08,6.0039777473,-0.002742905849,6.0,0.0,6.0192640063,-0.01051651155,6.0125627332,-0.007159600238,6.0304292538,-0.01731738767,6.0410606956,-0.02458117094,6.0427425212,-0.02541545384
113,20290338,1,ok,3.25154e-09,3.30087e-09,2.382407e-09,2.651102e-09,1.8979325717,1.638771694,0.3226837,0.01121241,1.8547721841e-08,6.0039487112,-0.002750339414,6.0,0.0,6.0192804287,-0.01041888516,6.0126588025,-0.007152955905,6.030612001,-0.01712782887,6.0416344645,-0.02486028405,6.0429081782,-0.02509058528
114,20290339,1,ok,3.262693e-09,3.307002e-09,2.388155e-09,2.655572e-09,1.8918730191,1.64202116,0.3220865,0.0202363,1.8546999811e-08,6.0039584097,-0.002759408935,6.0,0.0,6.0192829659,-0.01046807737,6.012845832,-0.007238887459,6.0303847506,-0.017268183,6.0415906288,-0.02470496006,6.0431820515,-0.02513582761
115,20290340,1,ok,3.262988e-09,3.302707e-09,2.387083e-09,2.653343e-09,1.8927987839,1.6456757271,0.3229297,0.01381844,1.8547412058e-08,6.0039653135,-0.002753778385,6.0,0.0,6.0193103084,-0.01045008604,6.0127357179,-0.00710792809,6.0304762766,-0.01726712428,6.0413178912,-0.02477025596,6.0430105987,-0.02502895592
116,20290341,1,ok,3.26375e-09,3.297831e-09,2.389076e-09,2.648498e-09,1.8863989018,1.6413008499,0.3159164,0.008849035,1.8547735862e-08,6.0039403739,-0.002743333477,6.0,0.0,6.0192699756,-0.01051275714,6.0125949285,-0.007247966451,6.0302629876,-0.01733190896,6.0412392908,-0.0246251033,6.0424301004,-0.02526725483
117,20290342,1,ok,3.253405e-09,3.305242e-09,2.385003e-09,2.650754e-09,1.8904305341,1.6419126671,0.3172486,0.01174694,1.8547850563e-08,6.0039214894,-0.002715364644,6.0,0.0,6.0192794497,-0.01052957881,6.012434779,-0.007203309394,6.0303818188,-0.01716252402,6.0413475149,-0.02480569982,6.0428312109,-0.02517582193
118,20290343,1,ok,3.268447e-09,3.302162e-09,2.394762e-09,2.648657e-09,1.8813879083,1.6428099086,0.3198587,0.01102056,1.8547740573e-08,6.0039722434,-0.002760854053,6.0,0.0,6.0192572206,-0.0105570707,6.012825619,-0.007297347854,6.0305493298,-0.01721145972,6.0411293725,-0.02473841835,6.0427483527,-0.02507336054
119,20290344,1,ok,3.257319e-09,3.301753e-09,2.387207e-09,2.650608e-09,1.8899515733,1.6406806946,0.3166018,0.008940878,1.8547447128e-08,6.0039784411,-0.002729935964,6.0,0.0,6.019293519,-0.01055762824,6.0126452004,-0.00730087991,6.0305455565,-0.01732998889,6.0412240846,-0.02461240883,6.0429280918,-0.02545718509
120,20290345,1,ok,3.263128e-09,3.299843e-09,2.392298e-09,2.647794e-09,1.8823104494,1.6463290281,0.3193974,0.0123017,1.8547566883e-08,6.0038862491,-0.00275654213,6.0,0.0,6.0192633646,-0.01053805213,6.0130288128,-0.007440072211,6.0303879935,-0.01722589329,6.040947366,-0.02478124364,6.0428794896,-0.02510070958
121,20290346,1,ok,3.266571e-09,3.2942e-09,2.388224e-09,2.649158e-09,1.8819019512,1.6424752547,0.316545,0.006371536,1.8547633516e-08,6.0038648523,-0.002747849985,6.0,0.0,6.0193380694,-0.01046833915,6.012415867,-0.007153064556,6.030728515,-0.01737393394,6.0418588389,-0.02489450619,6.0425293272,-0.02499109332
122,20290347,1,ok,3.252084e-09,3.29855e-09,2.386181e-09,2.646098e-09,1.8882361447,1.6475776071,0.3182131,0.01464818,1.854795598e-08,6.0038997928,-0.002724141323,6.0,0.0,6.019229924,-0.01047236317,6.0129329821,-0.007373824127,6.0304491421,-0.0172300072,6.0408040099,-0.02485118932,6.0423718793,-0.02523571426
123,20290348,1,ok,3.268919e-09,3.300255e-09,2.391974e-09,2.650513e-09,1.8830483888,1.6314881066,0.3199639,0.005080438,1.8547043906e-08,6.0039224116,-0.002775860019,6.0,0.0,6.0192715589,-0.01048535611,6.0127663854,-0.007132104645,6.0304413713,-0.01723248264,6.0408961573,-0.02478133953,6.0433229556,-0.02537689865
124,20290349,1,ok,3.252642e-09,3.309081e-09,2.382686e-09,2.657984e-09,1.8862977997,1.6401307373,0.3187673,0.01140387,1.8547294459e-08,6.0039609698,-0.002746248378,6.0,0.0,6.0193597818,-0.0105153517,6.0127117705,-0.007288442306,6.0304953053,-0.01737423328,6.0415471644,-0.02481641595,6.0431690933,-0.02501081368
125,20290350,1,ok,3.268107e-09,3.30576e-09,2.392397e-09,2.652025e-09,1.8808375379,1.6401808771,0.315818,0.01007504,1.8546954245e-08,6.0039059561,-0.002757944297,6.0,0.0,6.0192739814,-0.01051047242,6.012491937,-0.00724550111,6.0302517098,-0.01723294584,6.0411862001,-0.02460023956,6.0432845589,-0.02547392181
126,20290351,1,ok,3.269871e-09,3.297278e-09,2.391086e-09,2.650827e-09,1.8806880214,1.6376802258,0.319714,0.0120114,1.8546991364e-08,6.003907456,-0.002764875109,6.0,0.0,6.0193448159,-0.01051796256,6.0128076824,-0.007325708466,6.0306352002,-0.01734160911,6.041253685,-0.02458937132,6.0433526757,-0.02532080676
127,20290352,1,ok,3.25521e-09,3.292388e-09,2.38616e-09,2.645885e-09,1.8959258549,1.6471236508,0.3226427,0.01117075,1.8547572055e-08,6.0039036301,-0.002748074271,6.0,0.0,6.0193015817,-0.01051041107,6.0127283367,-0.007294121983,6.0306489977,-0.01721679438,6.0414375366,-0.02490209577,6.0431462333,-0.02522521987
128,20290353,1,ok,3.272471e-09,3.309875e-09,2.398297e-09,2.650247e-09,1.8799852083,1.6319945796,0.3161491,0.01174153,1.8547526981e-08,6.0039926304,-0.002745875376,6.0,0.0,6.0192090882,-0.01049498128,6.0126932565,-0.007331784899,6.0304003675,-0.01713809002,6.0409605076,-0.0246174484,6.0430666164,-0.02509322794
129,20290354,1,ok,3.252859e-09,3.305187e-09,2.383719e-09,2.65288e-09,1.8974860229,1.6404228232,0.3232882,0.0103232,1.8547723201e-08,6.0039745048,-0.002738764851,6.0,0.0,6.0193141656,-0.01046791345,6.0127796871,-0.007351187034,6.0306912242,-0.01726282503,6.0409266257,-0.02470626991,6.0427261463,-0.02500413949
130,20290355,1,ok,3.270473e-09,3.301562e-09,2.394683e-09,2.650455e-09,1.8830257009,1.647818422,0.3159381,0.01567717,1.8546823803e-08,6.0040019924,-0.002760994275,6.0,0.0,6.0192549944,-0.01050317521,6.012711453,-0.007256863282,6.0306332488,-0.01726082522,6.0416159126,-0.02487210307,6.0434682868,-0.02528903437
131,20290356,1,ok,3.260582e-09,3.298316e-09,2.387795e-09,2.64926e-09,1.8944808888,1.6475662609,0.3242506,0.01842898,1.8547586668e-08,6.0039010446,-0.002732782204,6.0,0.0,6.0192592177,-0.01049262366,6.0129077363,-0.007269841339,6.0305583407,-0.01737284721,6.0412290663,-0.02475952177,6.0430862922,-0.02535664314
132,20290357,1,ok,3.259815e-09,3.299899e-09,2.38892e-09,2.648341e-09,1.8888749086,1.6431666881,0.3153664,0.0105737,1.8547314698e-08,6.0038785156,-0.002736758169,6.0,0.0,6.0192417026,-0.01052557949,6.0125745056,-0.007251536162,6.0305050572,-0.0172970084,6.0410480907,-0.02476608594,6.0429904157,-0.02539810558
133,20290358,1,ok,3.25906e-09,3.294449e-09,2.387677e-09,2.647459e-09,1.8825365727,1.6507535294,0.3189445,0.01708807,1.8547471271e-08,6.0039093659,-0.002758071925,6.0,0.0,6.0193355299,-0.01052147316,6.0125285932,-0.007193384087,6.0304224693,-0.01730027158,6.040802868,-0.02473015021,6.0430471933,-0.0252053961
134,20290359,1,ok,3.254251e-09,3.301026e-09,2.385807e-09,2.64855e-09,1.8896007668,1.6430401448,0.3165581,0.01087832,1.8547690768e-08,6.0039108291,-0.002733531559,6.0,0.0,6.0192364712,-0.01053593395,6.0125234673,-0.007235325529,6.0306739142,-0.01730922775,6.0410644541,-0.02444480696,6.0422598016,-0.02522904615
135,20290360,1,ok,3.25981e-09,3.306058e-09,2.385386e-09,2.655371e-09,1.8950957585,1.6326600191,0.3232329,0.01136863,1.8547556019e-08,6.0039626148,-0.002739988216,6.0,0.0,6.0193572036,-0.01049011775,6.0127372269,-0.007196177042,6.0307054558,-0.01730071127,6.0410081108,-0.02506823298,6.0425163576,-0.0250024373
136,20290361,1,ok,3.258516e-09,3.301984e-09,2.389132e-09,2.650208e-09,1.8882102548,1.6388978627,0.3151648,0.005856879,1.8547657198e-08,6.0039098995,-0.002737990236,6.0,0.0,6.0192682615,-0.01055454451,6.0127958173,-0.007366835451,6.0305008588,-0.01720965995,6.0414304258,-0.02491703441,6.043065664,-0.0249078719
137,20290362,1,ok,3.259113e-09,3.296577e-09,2.38762e-09,2.64909e-09,1.8851219899,1.6366548397,0.3179868,0.0083756,1.8547397268e-08,6.0038978495,-0.00274704237,6.0,0.0,6.0193307732,-0.01055575946,6.0125653068,-0.007225376409,6.0304207723,-0.01723663876,6.0416237078,-0.02470910305,6.0433979869,-0.02530541737
138,20290363,1,ok,3.2527e-09,3.29987e-09,2.386423e-09,2.647606e-09,1.8884106652,1.6434751277,0.3177793,0.01068892,1.8547644388e-08,6.0039376589,-0.002730081843,6.0,0.0,6.0192438671,-0.01042505533,6.0127009125,-0.00730211568,6.0303537672,-0.01711803573,6.0410711289,-0.02473688047,6.0425999089,-0.0253367037
139,20290364,1,ok,3.256516e-09,3.307353e-09,2.386323e-09,2.654725e-09,1.8939340682,1.6266293282,0.3195416,0.01295969,1.8547469666e-08,6.0039056168,-0.002717966217,6.0,0.0,6.0193600251,-0.01053922862,6.0126283748,-0.007313654818,6.03054822,-0.01732874144,6.0412751398,-0.02469336977,6.0428028214,-0.02517422288
140,20290365,1,ok,3.260951e-09,3.312107e-09,2.386739e-09,2.656478e-09,1.8853947011,1.6395371472,0.3205999,0.01258404,1.8547492396e-08,6.0040328722,-0.002745501498,6.0,0.0,6.0192618182,-0.01048813689,6.0125027602,-0.00719205839,6.0307044649,-0.01734652594,6.0412660841,-0.02460712489,6.0426866068,-0.0253189708
141,20290366,1,ok,3.266394e-09,3.304685e-09,2.390027e-09,2.653113e-09,1.8837997554,1.6374621452,0.3199486,0.005782601,1.8547251777e-08,6.0039303426,-0.002769277245,6.0,0.0,6.0193131468,-0.01051533067,6.0125254988,-0.00716580425,6.0304910989,-0.01709834151,6.0409276127,-0.02446587667,6.0431333441,-0.02508178961
142,20290367,1,failed,,,,,3.1632544925e-12,2.0948851107e-12,0.0,0.0,6.9056128003e-21,2.4250269293e-09,2.4250268196e-09,0.0,0.0,5.9999999942,5.9999999942,1.5376733143e-09,1.5376627765e-09,5.9999999996,5.9999999996,2.289630846e-09,2.2896154729e-09,5.9999999988,5.9999999988
143,20290368,1,ok,3.259919e-09,3.301019e-09,2.384501e-09,2.652573e-09,1.8856201351,1.6473462363,0.3172123,0.01485577,1.8547303537e-08,6.004003136,-0.00273603497,6.0,0.0,6.0193061863,-0.01041089063,6.0127343257,-0.007129954748,6.0307067419,-0.01731250324,6.0410990679,-0.0247754367,6.04285675,-0.02529208129
144,20290369,1,ok,3.25847e-09,3.305707e-09,2.38801e-09,2.652384e-09,1.8846623453,1.6392816696,0.3181939,0.009285985,1.8547507994e-08,6.0040024922,-0.0027389318,6.0,0.0,6.0192979702,-0.01054017118,6.0125811512,-0.007355728218,6.0305468169,-0.01729316436,6.0409733477,-0.02475612428,6.0430252497,-0.02526222187
145,20290370,1,ok,3.254178e-09,3.296533e-09,2.386047e-09,2.646815e-09,1.8917181443,1.6487961093,0.3168764,0.02045322,1.8547597015e-08,6.0038769924,-0.002724499337,6.0,0.0,6.0192378504,-0.01054442947,6.0125833039,-0.007266043104,6.0306015865,-0.01730948852,6.0415400405,-0.02493173844,6.0426343939,-0.02551677086
146,20290371,1,ok,3.266583e-09,3.302326e-09,2.390757e-09,2.65162e-09,1.8789336211,1.643387001,0.3189775,0.01661913,1.8547109541e-08,6.0039446704,-0.002774357891,6.0,0.0,6.019282737,-0.0105008953,6.0124982871,-0.007177325124,6.0305630067,-0.01730391536,6.0415385109,-0.0247907354,6.0427855658,-0.02539495823
147,20290372,1,ok,3.270561e-09,3.292712e-09,2.392061e-09,2.647415e-09,1.884325426,1.6511062957,0.3217167,0.01617134,1.8547681856e-08,6.003912936,-0.002762646428,6.0,0.0,6.0193003482,-0.01055726259,6.0129521574,-0.007218522435,6.030435876,-0.01736568977,6.0415572568,-0.02469160973,6.0427980322,-0.02514273336
148,20290373,1,ok,3.267688e-09,3.299056e-09,2.390201e-09,2.651131e-09,1.8812821152,1.6484213279,0.319379,0.01501715,1.8547356947e-08,6.0039812191,-0.002755908129,6.0,0.0,6.0193264684,-0.01050948722,6.0128203033,-0.00718546213,6.0305998517,-0.0174205233,6.040829375,-0.02478193946,6.0433514692,-0.02511487685
149,20290374,1,ok,3.27509e-09,3.30448e-09,2.396367e-09,2.652085e-09,1.8812698938,1.6411771103,0.3150884,0.009450187,1.8547420565e-08,6.0039424914,-0.002750994099,6.0,0.0,6.0193185032,-0.01056248871,6.0126563723,-0.007473191659,6.0307148942,-0.01746243017,6.0411293533,-0.02483898058,6.0427714577,-0.02512588744
150,20290375,1,ok,3.266574e-09,3.299555e-09,2.390109e-09,2.650479e-09,1.8821420568,1.6334333033,0.3183732,0.005143925,1.854740597e-08,6.0039558575,-0.002746306831,6.0,0.0,6.0192900388,-0.01053717204,6.0125847372,-0.007233210538,6.0303335682,-0.01728309229,6.0415741001,-0.02474811948,6.0427884623,-0.0254943955
151,20290376,1,ok,3.25524e-09,3.301517e-09,2.386056e-09,2.650443e-09,1.8871805419,1.641368381,0.3192016,0.009248558,1.854766185e-08,6.0039065097,-0.002745376696,6.0,0.0,6.0192775608,-0.01047844985,6.012744086,-0.007380441202,6.0305183366,-0.01721162048,6.0413445806,-0.02483591221,6.0428443107,-0.0249703605
152,20290377,1,ok,3.265073e-09,3.297138e-09,2.390129e-09,2.649321e-09,1.8808118429,1.638659006,0.3181364,0.005295901,1.8547464309e-08,6.0039441304,-0.002752170942,6.0,0.0,6.0193193568,-0.01056423835,6.0128457092,-0.007342568876,6.0303893269,-0.01723179098,6.0412218169,-0.02475040008,6.0433642796,-0.025258186
153,20290378,1,ok,3.266324e-09,3.303035e-09,2.393584e-09,2.6489e-09,1.8883494289,1.6426126988,0.3211683,0.009733182,1.854711369e-08,6.0039325963,-0.002768709968,6.0,0.0,6.0192053428,-0.01044218423,6.0129574024,-0.007192625213,6.0304465302,-0.01720021563,6.0410078519,-0.02470297661,6.0427181996,-0.02543104548
154,20290379,1,ok,3.270464e-09,3.30682e-09,2.391329e-09,2.655761e-09,1.8896075324,1.6443476099,0.3236919,0.01522479,1.8547388762e-08,6.004031992,-0.002751925788,6.0,0.0,6.0193801292,-0.01053168404,6.0128815425,-0.007292573152,6.0304967126,-0.01734127186,6.0409859081,-0.02445530979,6.0429776455,-0.02509078571
155,20290380,1,ok,3.266007e-09,3.296624e-09,2.392523e-09,2.645744e-09,1.8851743946,1.6475328351,0.3154118,0.01356746,1.8547687563e-08,6.0039115723,-0.002743461194,6.0,0.0,6.0192583807,-0.01052664625,6.0127974014,-0.007293433716,6.0302305317,-0.01718631955,6.0404842823,-0.02481976456,6.0428671671,-0.02512020324
156,20290381,1,ok,3.25463e-09,3.297688e-09,2.384897e-09,2.648456e-09,1.8978028076,1.6442710307,0.3241253,0.01198129,1.8547495509e-08,6.0039349535,-0.002728537507,6.0,0.0,6.0193079194,-0.01043211208,6.0127050218,-0.007244470679,6.0305152617,-0.01714856121,6.0409729494,-0.02483997721,6.0431888639,-0.02524977944
157,20290382,1,ok,3.266157e-09,3.296855e-09,2.390204e-09,2.649178e-09,1.8835657202,1.6405004405,0.317481,0.00637223,1.8547213989e-08,6.0038635489,-0.002745508749,6.0,0.0,6.0192889202,-0.01051935009,6.0124998586,-0.007203275392,6.0305166005,-0.01734839752,6.0417451044,-0.02499901075,6.043007299,-0.02562414716
158,20290383,1,ok,3.259123e-09,3.308e-09,2.387095e-09,2.654334e-09,1.8919866375,1.6368005965,0.3195078,0.01280521,1.8547531052e-08,6.003948812,-0.002726118317,6.0,0.0,6.019305291,-0.01048627127,6.0126751888,-0.007239724957,6.0304203688,-0.01709017302,6.0410670527,-0.0247729855,6.0426723945,-0.02489796326
159,20290384,1,ok,3.263838e-09,3.299295e-09,2.388683e-09,2.64977e-09,1.8831309565,1.6422557561,0.3201716,0.005387163,1.8547815656e-08,6.0039470759,-0.002757984334,6.0,0.0,6.0192877645,-0.01044255225,6.0127320371,-0.007213099098,6.0304449693,-0.0172150788,6.0414991365,-0.02488477275,6.0424920384,-0.02514744241
160,20290385,1,ok,3.266858e-09,3.305239e-09,2.389278e-09,2.653746e-09,1.8873969243,1.6327961748,0.3209421,0.00680522,1.8547427872e-08,6.0039726685,-0.002760633595,6.0,0.0,6.01926916,-0.01038904321,6.0126635914,-0.007177222248,6.0305370143,-0.01715008333,6.0416172636,-0.02479890637,6.042881866,-0.02520439252
161,20290386,1,ok,3.254608e-09,3.295687e-09,2.385614e-09,2.648506e-09,1.8957869068,1.6406648707,0.3203107,0.01275776,1.8547538083e-08,6.0038401245,-0.002707887194,6.0,0.0,6.0193310146,-0.01045541952,6.0129606855,-0.007360720641,6.0306379363,-0.01729457868,6.0413807602,-0.02485914706,6.0429970392,-0.02540231063
162,20290387,1,ok,3.259368e-09,3.293429e-09,2.386065e-09,2.646908e-09,1.8871699152,1.6508635006,0.3209553,0.01594896,1.8547898822e-08,6.0039270348,-0.002757272056,6.0,0.0,6.0193544206,-0.0104722485,6.0127451688,-0.00715580414,6.0301624941,-0.01718903171,6.0407011073,-0.02453550834,6.0426144516,-0.02505145024
163,20290388,1,ok,3.261646e-09,3.302366e-09,2.389904e-09,2.649793e-09,1.8886163419,1.6395522411,0.3154341,0.009548539,1.8547385538e-08,6.0038822286,-0.002737089083,6.0,0.0,6.0192870541,-0.01055893175,6.0124732105,-0.007321794071,6.0302403449,-0.01725497211,6.0412926767,-0.02479540641,6.0428902755,-0.02536032982
164,20290389,1,ok,3.262632e-09,3.307307e-09,2.389681e-09,2.653119e-09,1.8869531815,1.6395728862,0.320769,0.01041919,1.8547591197e-08,6.0039840632,-0.002742885275,6.0,0.0,6.0192746881,-0.01054321156,6.0127452,-0.007301154308,6.03074686,-0.01723039343,6.0412845378,-0.02488398265,6.0430560375,-0.02483608277
165,20290390,1,ok,3.256409e-09,3.300271e-09,2.385319e-09,2.651124e-09,1.8854584377,1.6441212986,0.320123,0.01194739,1.85475758e-08,6.0039250455,-0.00274743032,6.0,0.0,6.0193105861,-0.01053416783,6.012538178,-0.007342615806,6.0306484001,-0.01740925095,6.0410975321,-0.02474959795,6.042578145,-0.02525900235
166,20290391,1,ok,3.261832e-09,3.297635e-09,2.389159e-09,2.64805e-09,1.8871244621,1.6420685188,0.3165854,0.007670408,1.8547315707e-08,6.0038688601,-0.002734139835,6.0,0.0,6.0193496162,-0.01056350269,6.0125041346,-0.007223351082,6.0301923139,-0.01730482409,6.0407559862,-0.02443798731,6.042839911,-0.02558291751
167,20290392,1,ok,3.252232e-09,3.298526e-09,2.387495e-09,2.64675e-09,1.8894526444,1.6439148713,0.3207022,0.01096848,1.8548040946e-08,6.003930468,-0.002715539583,6.0,0.0,6.0193200468,-0.01055808785,6.0127661988,-0.007401987618,6.0305822723,-0.01728130386,6.0416764333,-0.0249028796,6.0428271994,-0.02519312112
168,20290393,1,ok,3.257652e-09,3.302075e-09,2.388116e-09,2.650408e-09,1.8882003315,1.6456066325,0.316732,0.01346974,1.8547587471e-08,6.0039709311,-0.002736284113,6.0,0.0,6.0193520056,-0.01056056889,6.0125169343,-0.007275500774,6.0304163043,-0.01720694516,6.04114018,-0.02478930509,6.0428779724,-0.02529646791
169,20290394,1,ok,3.265e-09,3.300264e-09,2.389526e-09,2.648808e-09,1.8864978858,1.6393485998,0.321099,0.00585985,1.854785046e-08,6.0039994,-0.002748454904,6.0,0.0,6.019256455,-0.01044768154,6.012749949,-0.00709786644,6.030483025,-0.01710708216,6.0405091948,-0.02474193588,6.0423401969,-0.02511455158
170,20290395,1,ok,3.257879e-09,3.293102e-09,2.384543e-09,2.647692e-09,1.8853362781,1.6445225053,0.3169069,0.006818093,1.8547610589e-08,6.0038979619,-0.002752460108,6.0,0.0,6.0192891893,-0.01047657679,6.0124779788,-0.007139216695,6.0306011097,-0.01725429048,6.0411635711,-0.02474159163,6.0425086426,-0.02503990861
171,20290396,1,ok,3.268018e-09,3.306835e-09,2.391527e-09,2.653033e-09,1.8796648401,1.6442344964,0.3186728,0.01779309,1.8547385614e-08,6.0038941575,-0.002741646313,6.0,0.0,6.0192501734,-0.01052676632,6.0126460652,-0.007348444302,6.0304048237,-0.01732331929,6.0410586796,-0.02457244868,6.0428950912,-0.02538065299
172,20290397,1,ok,3.253863e-09,3.296173e-09,2.383966e-09,2.647926e-09,1.8902004958,1.6451537394,0.3174061,0.007330133,1.8547897913e-08,6.0038764179,-0.002712978745,6.0,0.0,6.0192983577,-0.01053640144,6.0124598259,-0.007223515973,6.0304600088,-0.01725108774,6.041627181,-0.02491808552,6.043037874,-0.02530986406
173,20290398,1,ok,3.25956e-09,3.29868e-09,2.388975e-09,2.648555e-09,1.8880687439,1.6482825017,0.3158358,0.01466652,1.8547208097e-08,6.0039836107,-0.002736432674,6.0,0.0,6.0192935427,-0.01049934997,6.0127938791,-0.007260307303,6.0304808372,-0.01720414487,6.0410124971,-0.02477967364,6.0435298862,-0.0252441839
174,20290399,1,ok,3.266661e-09,3.30272e-09,2.391648e-09,2.651117e-09,1.8823196443,1.6451263331,0.3168759,0.01856898,1.8547092929e-08,6.0039228807,-0.002743386617,6.0,0.0,6.019290816,-0.01051539838,6.0124289543,-0.007289652777,6.0303408428,-0.01735208763,6.0414440347,-0.02479605928,6.0434331982,-0.02553112783
175,20290400,1,ok,3.265135e-09,3.301778e-09,2.389407e-09,2.650827e-09,1.8829134302,1.6477787114,0.319575,0.01747336,1.8547189976e-08,6.0039781926,-0.002764483479,6.0,0.0,6.0192853201,-0.01046467706,6.0127404982,-0.007134918489,6.0303708968,-0.01720293729,6.0408128414,-0.02477996921,6.043333652,-0.02538772025
176,20290401,1,ok,3.274429e-09,3.300618e-09,2.395821e-09,2.649133e-09,1.881969205,1.6434391828,0.3160628,0.01082242,1.8547303366e-08,6.0038830361,-0.002752709064,6.0,0.0,6.0192555095,-0.01054448211,6.0126051459,-0.007345268513,6.0304110761,-0.01732890754,6.0414755583,-0.02460741726,6.0427975822,-0.02533699179
177,20290402,1,ok,3.272061e-09,3.293401e-09,2.392815e-09,2.645786e-09,1.8788791548,1.652096066,0.3196764,0.01627842,1.8547829834e-08,6.0039644151,-0.00276093135,6.0,0.0,6.0193020017,-0.01043887285,6.0127375432,-0.007089905553,6.0304918791,-0.01725418253,6.0407384436,-0.02473465702,6.0428086241,-0.02496368533
178,20290403,1,ok,3.261813e-09,3.299593e-09,2.390454e-09,2.64817e-09,1.8866638449,1.6460138951,0.3165048,0.02008722,1.8547409556e-08,6.0038654634,-0.002748978654,6.0,0.0,6.019285663,-0.01054644975,6.0125082282,-0.007220385072,6.0304298016,-0.01722712818,6.0412351501,-0.0247778428,6.0424048978,-0.02542688933
179,20290404,1,ok,3.263415e-09,3.301578e-09,2.391036e-09,2.649258e-09,1.8873115902,1.6415546066,0.3158561,0.009920684,1.854752577e-08,6.003912398,-0.002746357923,6.0,0.0,6.019310022,-0.01052450526,6.0125533499,-0.007341603028,6.0302760116,-0.0173109212,6.0411519761,-0.02442130893,6.0428422439,-0.02509232985
180,20290405,1,ok,3.257562e-09,3.30018e-09,2.386493e-09,2.649898e-09,1.8865527507,1.6407882751,0.3186855,0.008486664,1.8547870008e-08,6.0039636734,-0.002718110234,6.0,0.0,6.0193334381,-0.01055640787,6.0125815369,-0.007276346349,6.0304370078,-0.0173172804,6.041301943,-0.02479145262,6.0428758853,-0.02529743592
181,20290406,1,ok,3.250611e-09,3.306136e-09,2.385229e-09,2.651967e-09,1.8956537487,1.6426703985,0.3187762,0.01984959,1.8547429415e-08,6.0039407239,-0.002718340718,6.0,0.0,6.0192490443,-0.01051932315,6.0125368266,-0.007297574006,6.030472054,-0.01734256782,6.0415250699,-0.02513888875,6.0428971146,-0.02531890608
182,20290407,1,ok,3.2632e-09,3.304043e-09,2.388523e-09,2.654462e-09,1.8834525387,1.645696885,0.3197037,0.01443206,1.8547136337e-08,6.0040035479,-0.002767536888,6.0,0.0,6.0193765831,-0.01051393309,6.0127251765,-0.007115510013,6.0303033671,-0.01725356578,6.0410791852,-0.02473770179,6.0430185381,-0.02521351846
183,20290408,1,ok,3.257392e-09,3.296791e-09,2.38783e-09,2.645955e-09,1.8905035647,1.6442743545,0.3158185,0.01005715,1.8547567063e-08,6.0039353985,-0.002736836519,6.0,0.0,6.0192285936,-0.01054130058,6.0125531758,-0.007334048836,6.0303609686,-0.01732764718,6.041343237,-0.02483059427,6.0427183385,-0.02525011308
184,20290409,1,ok,3.268615e-09,3.304621e-09,2.391992e-09,2.651657e-09,1.8788608818,1.6451235698,0.3176322,0.01616689,1.8547379984e-08,6.0038899183,-0.002748821902,6.0,0.0,6.0192340307,-0.01053576307,6.0125750129,-0.007286399167,6.0304991919,-0.01737223708,6.0414275408,-0.02478761268,6.0428259096,-0.02534660137
185,20290410,1,ok,3.248114e-09,3.300372e-09,2.380232e-09,2.65092e-09,1.8913848309,1.6447291726,0.3210237,0.01280673,1.8547882696e-08,6.0039552333,-0.002723251481,6.0,0.0,6.0192678227,-0.01052419229,6.0125946835,-0.007226635632,6.0304192708,-0.01734470282,6.0412622657,-0.0246229495,6.0427291131,-0.02535981462
186,20290411,1,ok,3.252986e-09,3.302528e-09,2.381717e-09,2.652731e-09,1.8880982745,1.6346870389,0.31724,0.005089477,1.854768591e-08,6.0039481765,-0.002732917386,6.0,0.0,6.0193334142,-0.01038342654,6.0125781445,-0.006975933534,6.030600985,-0.01721545329,6.041027018,-0.02494472237,6.0426724872,-0.02495580316
187,20290412,1,ok,3.266243e-09,3.304626e-09,2.391741e-09,2.651265e-09,1.8859427784,1.6457096902,0.3157691,0.01825046,1.8547337569e-08,6.0038901071,-0.002744320836,6.0,0.0,6.0192373418,-0.0105398109,6.0126479944,-0.0072267462,6.0304035576,-0.01731571985,6.0414631768,-0.02473183706,6.0428243653,-0.02526445916
188,20290413,1,ok,3.253636e-09,3.296794e-09,2.386437e-09,2.646387e-09,1.8904022393,1.6369259017,0.3169127,0.008716958,1.8547702002e-08,6.0038966523,-0.002723571054,6.0,0.0,6.0192802145,-0.010511259,6.0127464319,-0.007334732383,6.0304726627,-0.01717941118,6.0413026074,-0.02478703739,6.0428168367,-0.02535771449
189,20290414,1,ok,3.267388e-09,3.294604e-09,2.390307e-09,2.647909e-09,1.87999128,1.6488277813,0.3172739,0.01370191,1.8547204576e-08,6.0039630795,-0.002755015584,6.0,0.0,6.0192950945,-0.01048590555,6.0124943489,-0.007232155895,6.030575454,-0.01729988598,6.0412004161,-0.02453972485,6.0435567076,-0.02529148997
190,20290415,1,ok,3.259137e-09,3.303065e-09,2.387323e-09,2.651435e-09,1.8894854385,1.6311683079,0.315732,0.008788659,1.8547691829e-08,6.0039775869,-0.002729449527,6.0,0.0,6.0193285269,-0.01055079936,6.0125438083,-0.007226763758,6.0304924321,-0.0173020579,6.041503663,-0.02468962524,6.0427383475,-0.02519835787
191,20290416,1,ok,3.264546e-09,3.306267e-09,2.390133e-09,2.652798e-09,1.8815742262,1.6409900791,0.3183855,0.01084595,1.8547598444e-08,6.0038962773,-0.00274355499,6.0,0.0,6.0192854678,-0.0105385363,6.0126147464,-0.007262420779,6.0304098801,-0.01738264659,6.0411946939,-0.02462491588,6.0426165624,-0.02522143082
192,20290417,1,ok,3.265544e-09,3.30452e-09,2.388763e-09,2.653439e-09,1.8831425595,1.6452311821,0.3202314,0.01621723,1.8547709326e-08,6.0039658901,-0.002737581854,6.0,0.0,6.0192834722,-0.01050987161,6.0125470796,-0.007283053323,6.0306827315,-0.01733644343,6.0410897401,-0.02482774858,6.0427803622,-0.02511503123
193,20290418,1,ok,3.277579e-09,3.298067e-09,2.394314e-09,2.649935e-09,1.8785410212,1.6490254613,0.320284,0.01577533,1.8547454227e-08,6.0039850243,-0.002761579002,6.0,0.0,6.0192963133,-0.01043846715,6.0127040827,-0.007225744244,6.030539941,-0.01727818729,6.0415080146,-0.02464925505,6.0429774827,-0.02515297615
194,20290419,1,ok,3.25675e-09,3.297068e-09,2.388629e-09,2.64611e-09,1.8854826258,1.6452233971,0.3178501,0.01134529,1.8547723688e-08,6.0039422483,-0.002747585316,6.0,0.0,6.0192597987,-0.0104726624,6.0127845595,-0.007202706666,6.0305243981,-0.0172051887,6.0410800654,-0.02474696074,6.0423985027,-0.02533320922
195,20290420,1,ok,3.259032e-09,3.305468e-09,2.386619e-09,2.653844e-09,1.8848518985,1.6399720213,0.3200152,0.01010422,1.8547525602e-08,6.0039926129,-0.00275107779,6.0,0.0,6.0192917061,-0.01050166663,6.0125210391,-0.00719404913,6.030565948,-0.01730362844,6.0412825138,-0.02470699082,6.0428406711,-0.02528599375
196,20290421,1,ok,3.262719e-09,3.308308e-09,2.387978e-09,2.654313e-09,1.8840118833,1.6423232928,0.3187807,0.01391728,1.8547849144e-08,6.0040108613,-0.002720228578,6.0,0.0,6.019700138,-0.0105175665,6.0124043837,-0.007083465002,6.030512268,-0.01728759719,6.0414261328,-0.02473255116,6.04297667,-0.02520293881
197,20290422,1,ok,3.264031e-09,3.303194e-09,2.387592e-09,2.652062e-09,1.8904593572,1.645617029,0.3218918,0.01774106,1.8547814729e-08,6.0039195288,-0.002741031353,6.0,0.0,6.0192752917,-0.01043254332,6.0127907859,-0.007252552215,6.0306937647,-0.01731409545,6.0406604549,-0.02448710843,6.042778945,-0.02504903948
198,20290423,1,ok,3.258357e-09,3.301728e-09,2.38763e-09,2.651632e-09,1.8894353044,1.6451005852,0.3157833,0.0142666,1.8547411584e-08,6.0039829457,-0.002728642634,6.0,0.0,6.0193408591,-0.01055340344,6.0128803901,-0.007356790345,6.0304814744,-0.01732746578,6.040894566,-0.02457193409,6.043371875,-0.0253067662
199,20290424,1,ok,3.26461e-09,3.305283e-09,2.390301e-09,2.65228e-09,1.8806702024,1.6377403413,0.3178334,0.006407217,1.8547287653e-08,6.0039414942,-0.002758756023,6.0,0.0,6.0192761902,-0.01046461273,6.0128110865,-0.007212435501,6.0305597038,-0.01714739559,6.0407454933,-0.02437514496,6.0432358249,-0.02505531621
200,20290425,1,ok,3.254281e-09,3.302036e-09,2.38452e-09,2.652189e-09,1.8865771715,1.6445859184,0.3198576,0.01347157,1.8547491718e-08,6.0039995575,-0.002743025217,6.0,0.0,6.0193316438,-0.01054366787,6.0125096031,-0.007299593627,6.0305184067,-0.01733864878,6.0412186316,-0.02479545272,6.0428307692,-0.02526784349
