sample,seed,sw_stat_mismatch,status,trise_s,tfall_s,tpdlh_s,tpdhl_s,ipeak_source_a,ipeak_sink_a,vout_max_v,vout_min_v,vin_max_v,vin_min_v,indrv_max_v,indrv_min_v,n1_max_v,n1_min_v,n2_max_v,n2_min_v,n3_max_v,n3_min_v,n4_max_v,n4_min_v,n5_max_v,n5_min_v
baseline,,unset (plain harness deck),ok,3.856299e-09,3.880949e-09,3.127736e-09,3.185151e-09,1.6715892518,1.4476004323,6.0039086152,-0.002332341177,3.3,0.0,6.000075232,-0.0003445664328,6.0897707193,-0.03648511248,6.06947091,-0.03988897946,6.0455714779,-0.02627015454,6.0410887815,-0.02505256362,6.0409212714,-0.02436061324
0,20300204,0,ok,3.856299e-09,3.880949e-09,3.127736e-09,3.185151e-09,1.6715892518,1.4476004323,6.0039086152,-0.002332341177,3.3,0.0,6.000075232,-0.0003445664328,6.0897707193,-0.03648511248,6.06947091,-0.03988897946,6.0455714779,-0.02627015454,6.0410887815,-0.02505256362,6.0409212714,-0.02436061324
0,25300204,0,ok,3.856299e-09,3.880949e-09,3.127736e-09,3.185151e-09,1.6715892518,1.4476004323,6.0039086152,-0.002332341177,3.3,0.0,6.000075232,-0.0003445664328,6.0897707193,-0.03648511248,6.06947091,-0.03988897946,6.0455714779,-0.02627015454,6.0410887815,-0.02505256362,6.0409212714,-0.02436061324
1,20300205,1,ok,3.858278e-09,3.894559e-09,3.127883e-09,3.192063e-09,1.669908984,1.4464831705,6.0039486525,-0.002349548021,3.3,0.0,6.0000793084,-0.0003472025343,6.0907256632,-0.0361281892,6.0698942834,-0.03965936062,6.0450415058,-0.02623357414,6.0404120307,-0.02486920271,6.0414567006,-0.02437271417
2,20300206,1,ok,3.858741e-09,3.89207e-09,3.12626e-09,3.193674e-09,1.6701154796,1.4437434376,6.0039503959,-0.002334954248,3.3,0.0,6.0000770474,-0.0003450293749,6.0874611533,-0.03683924951,6.0696480724,-0.03956026963,6.045785681,-0.02622372188,6.0416062168,-0.02499255496,6.0413129633,-0.02427085464
3,20300207,1,ok,3.855558e-09,3.876727e-09,3.128163e-09,3.185009e-09,1.6703729022,1.4502126688,6.0038879605,-0.0023527079,3.3,0.0,6.0000857531,-0.0003389926427,6.0896633384,-0.03627263952,6.0696336517,-0.03989959,6.0458379056,-0.02611994777,6.0411274156,-0.02502369252,6.0413901477,-0.02442341713
4,20300208,1,ok,3.861912e-09,3.880957e-09,3.130832e-09,3.185144e-09,1.6687388542,1.4454910033,6.0039098593,-0.002337435834,3.3,0.0,6.0000817908,-0.0003450508071,6.0917974877,-0.03711236284,6.0692290842,-0.0397099855,6.0453534781,-0.02620207973,6.0412248683,-0.02514820083,6.0411999644,-0.02440612593
5,20300209,1,ok,3.856166e-09,3.88037e-09,3.126905e-09,3.185124e-09,1.6716053626,1.451681153,6.0039088853,-0.002316573539,3.3,0.0,6.0000789201,-0.0003413686711,6.0894987243,-0.03720935641,6.0697860476,-0.03988820758,6.0457427782,-0.0262126897,6.0408786735,-0.02479898038,6.0412916612,-0.02451504666
6,20300210,1,ok,3.847631e-09,3.880209e-09,3.122409e-09,3.185821e-09,1.6739588732,1.446770072,6.0039092166,-0.002331898754,3.3,0.0,6.0000822901,-0.0003434632725,6.088866884,-0.03647714947,6.0695247495,-0.03966396013,6.0458124125,-0.02623811778,6.0405170972,-0.02499242422,6.0415714211,-0.02447566754
7,20300211,1,ok,3.874002e-09,3.873136e-09,3.13673e-09,3.179585e-09,1.6641292474,1.4507731414,6.0038900702,-0.002350555436,3.3,0.0,6.0000783748,-0.0003500624288,6.0903989559,-0.03614687584,6.0694447027,-0.03988106697,6.0458088238,-0.02623195262,6.0410750679,-0.02511769765,6.0409997181,-0.02447798714
8,20300212,1,ok,3.852975e-09,3.882361e-09,3.126805e-09,3.185827e-09,1.672164483,1.4433371648,6.0039273229,-0.002338793636,3.3,0.0,6.0000768043,-0.0003487920844,6.0892259997,-0.03638295503,6.0695129617,-0.03937513321,6.0452830264,-0.02627188056,6.04087495,-0.02505437764,6.0414444027,-0.02430055223
9,20300213,1,ok,3.849854e-09,3.871335e-09,3.12744e-09,3.178076e-09,1.6731645179,1.4472528597,6.0038712254,-0.00233146579,3.3,0.0,6.0000848824,-0.0003460981185,6.0901014369,-0.0371786124,6.0700850655,-0.03988398066,6.0453128347,-0.02621759196,6.0414727358,-0.02509269471,6.0412874371,-0.02442483772
10,20300214,1,ok,3.859334e-09,3.877978e-09,3.130675e-09,3.180958e-09,1.6707983654,1.4498670978,6.0038979665,-0.002323540541,3.3,0.0,6.0000789638,-0.0003415585218,6.0912033877,-0.03650543677,6.0693110177,-0.03983081473,6.0455721698,-0.02630988339,6.0410311266,-0.02485401178,6.0412474981,-0.02430255753
11,20300215,1,ok,3.852256e-09,3.880846e-09,3.123816e-09,3.187273e-09,1.6723184053,1.4467214273,6.0039079003,-0.002337561297,3.3,0.0,6.0000786371,-0.0003384188189,6.0908133218,-0.03612085924,6.069689257,-0.03991771742,6.0453592177,-0.02628843026,6.0417757194,-0.02520052489,6.0417752162,-0.02443040514
12,20300216,1,ok,3.842724e-09,3.874404e-09,3.122565e-09,3.181096e-09,1.6761738456,1.4572564536,6.0038654287,-0.002317034951,3.3,0.0,6.0007480574,-0.0003390849196,6.0920855746,-0.03692481252,6.0689639797,-0.03971082098,6.045841371,-0.02628726864,6.040611881,-0.02481686647,6.0417898193,-0.02412254388
13,20300217,1,ok,3.861192e-09,3.882716e-09,3.130488e-09,3.185844e-09,1.6689993675,1.4471345919,6.0039137334,-0.0023388267,3.3,0.0,6.0003928684,-0.0003393294145,6.0916718627,-0.0367100136,6.0696821075,-0.03968986964,6.0455051215,-0.02633338279,6.0413066543,-0.02516789972,6.0415151616,-0.02453994349
14,20300218,1,ok,3.856724e-09,3.8816e-09,3.131349e-09,3.184342e-09,1.6714783496,1.4470345443,6.0039103604,-0.002344720228,3.3,0.0,6.0000830175,-0.0003446863049,6.0891670732,-0.03573599489,6.0701313693,-0.03930969828,6.0460169002,-0.02637160687,6.0408512402,-0.02506507494,6.04109707,-0.02435963105
15,20300219,1,ok,3.864605e-09,3.885286e-09,3.131187e-09,3.188921e-09,1.6690103897,1.4525718203,6.0039250846,-0.002331995329,3.3,0.0,6.0000774883,-0.0003450174783,6.0882611737,-0.03708845687,6.0689995516,-0.03910745242,6.0456929852,-0.02617343325,6.0409960156,-0.02486824447,6.0412672984,-0.02448650595
16,20300220,1,ok,3.864558e-09,3.878524e-09,3.131262e-09,3.185623e-09,1.6674027923,1.4409903001,6.0039019955,-0.002352784722,3.3,0.0,6.0000746705,-0.0003479030062,6.0883513011,-0.03641263698,6.0699665777,-0.04007990723,6.0455390848,-0.02619198111,6.0413017042,-0.02509325441,6.0411413281,-0.02411303662
17,20300221,1,ok,3.856381e-09,3.883851e-09,3.126161e-09,3.187505e-09,1.6709879139,1.4435650611,6.0039231765,-0.002338237367,3.3,0.0,6.0000848719,-0.0003486048191,6.092959207,-0.03700121643,6.0702626383,-0.03987816243,6.0459679495,-0.02628654719,6.0411852671,-0.02502371229,6.0411763266,-0.02414549291
18,20300222,1,ok,3.845942e-09,3.873011e-09,3.122418e-09,3.18206e-09,1.6748370602,1.4518467595,6.0038761521,-0.002325782458,3.3,0.0,6.0000860241,-0.0003389419167,6.0896647998,-0.03733780225,6.069707001,-0.03982886144,6.045914741,-0.02625452716,6.041259142,-0.02488092186,6.0413723265,-0.0243848041
19,20300223,1,ok,3.863882e-09,3.877606e-09,3.129993e-09,3.18637e-09,1.6688257565,1.4473534817,6.0038948386,-0.00233288213,3.3,0.0,6.000074557,-0.0003380492951,6.0896649188,-0.03663928544,6.0696926121,-0.03946908358,6.0457767635,-0.02638150957,6.0414357802,-0.02495579189,6.0408455956,-0.02434367659
20,20300224,1,ok,3.852861e-09,3.879042e-09,3.124243e-09,3.183951e-09,1.6723145638,1.4494799742,6.0039046173,-0.002328953896,3.3,0.0,6.0000859504,-0.0003484974794,6.0913388999,-0.03689867581,6.0694965797,-0.03981907322,6.0460502991,-0.02620776014,6.0410148386,-0.02483260875,6.0414668039,-0.02413571033
21,20300225,1,ok,3.856073e-09,3.883733e-09,3.127548e-09,3.18715e-09,1.6707901822,1.4479758218,6.0039188599,-0.002337333804,3.3,0.0,6.0004098645,-0.0003436214804,6.0909463927,-0.03719021841,6.0690130511,-0.03982857194,6.0450564998,-0.02618098429,6.0411292749,-0.02507258593,6.0410561566,-0.02451333329
22,20300226,1,ok,3.858211e-09,3.872512e-09,3.127305e-09,3.180285e-09,1.6701908154,1.4522083456,6.0038738405,-0.002312434749,3.3,0.0,6.0000854226,-0.0003491194779,6.0932475064,-0.03610255579,6.0694353879,-0.03986896955,6.0457290025,-0.02630141019,6.0408549196,-0.02496890048,6.0411002757,-0.02455994171
23,20300227,1,ok,3.849951e-09,3.887389e-09,3.123314e-09,3.191506e-09,1.6725375304,1.4440878271,6.0039329405,-0.002306819475,3.3,0.0,6.0000833771,-0.0003616788845,6.0911496019,-0.03735451101,6.0695949124,-0.03956476695,6.045760256,-0.02602867993,6.0417799766,-0.02519587145,6.0414366998,-0.02439510904
24,20300228,1,ok,3.837338e-09,3.880932e-09,3.118451e-09,3.184911e-09,1.6786634082,1.4510198146,6.0039000082,-0.002310343773,3.3,0.0,6.0000821215,-0.0003418210493,6.0893019377,-0.03691471255,6.0697490935,-0.04004147004,6.0459662217,-0.02623780591,6.0406645299,-0.02486329108,6.0414541481,-0.02443487979
25,20300229,1,ok,3.867721e-09,3.876454e-09,3.135372e-09,3.181459e-09,1.6660752777,1.4485995491,6.0038898402,-0.002348810893,3.3,0.0,6.0000847037,-0.0003331880871,6.0925798403,-0.03708219826,6.0697244794,-0.03967486961,6.0456242467,-0.02620670135,6.0412628863,-0.02491277953,6.0412567754,-0.02428097817
26,20300230,1,ok,3.852858e-09,3.879206e-09,3.125827e-09,3.185633e-09,1.6725353862,1.4490245326,6.0039046385,-0.002334217626,3.3,0.0,6.0000838037,-0.0003390373529,6.0920566818,-0.03724830903,6.0694103488,-0.03958762116,6.0455980141,-0.02632605228,6.0413585904,-0.02485050224,6.0412786888,-0.02425202774
27,20300231,1,ok,3.851557e-09,3.871723e-09,3.126401e-09,3.180189e-09,1.6734340944,1.4443804077,6.0038855365,-0.002318480079,3.3,0.0,6.0000778056,-0.0003338792308,6.0895679542,-0.03661740671,6.0693018863,-0.03940940285,6.045171346,-0.02619086457,6.0411131332,-0.02528028906,6.0416834189,-0.02457104342
28,20300232,1,ok,3.870251e-09,3.872474e-09,3.136313e-09,3.17879e-09,1.6656914715,1.449288604,6.0038777234,-0.002351018147,3.3,0.0,6.0000782091,-0.0003441408583,6.0911881493,-0.03639681442,6.0697444853,-0.03958203486,6.0461222709,-0.02646680609,6.0407207168,-0.02498291391,6.0407965107,-0.02430345153
29,20300233,1,ok,3.858174e-09,3.872458e-09,3.128683e-09,3.181679e-09,1.670003646,1.4569544375,6.0038729055,-0.002336163374,3.3,0.0,6.000076236,-0.0003445102321,6.0895877281,-0.03629126834,6.0701077276,-0.03957900634,6.0453134447,-0.02624404914,6.0406130966,-0.0250868605,6.0415878257,-0.02440301164
30,20300234,1,ok,3.855796e-09,3.887538e-09,3.124474e-09,3.191387e-09,1.6721519357,1.4464062647,6.0039279704,-0.002326984463,3.3,0.0,6.0000786963,-0.0003668347781,6.0935453534,-0.0363833093,6.0699183142,-0.03977039308,6.045605041,-0.02621031843,6.041457766,-0.02495199092,6.0407801237,-0.02436986055
31,20300235,1,ok,3.87476e-09,3.879763e-09,3.130492e-09,3.186489e-09,1.6635527608,1.4505778868,6.0039003135,-0.002352488096,3.3,0.0,6.0000817064,-0.0003377959284,6.0888377225,-0.03630765273,6.0694844428,-0.03974748441,6.0452814986,-0.02624115538,6.0410876275,-0.02496763743,6.0414002921,-0.02451571433
32,20300236,1,ok,3.854786e-09,3.883178e-09,3.130005e-09,3.187348e-09,1.6714479176,1.4521863956,6.0038538256,-0.002314339536,3.3,0.0,6.0000837933,-0.0003418900171,6.0901939516,-0.03607732383,6.0702449302,-0.03967961625,6.0456614528,-0.02626484705,6.0410412925,-0.02525211099,6.041422558,-0.02451250757
33,20300237,1,ok,3.867248e-09,3.869994e-09,3.13726e-09,3.178667e-09,1.6667033522,1.4503486138,6.0038742775,-0.002362498197,3.3,0.0,6.0000781937,-0.0003324289497,6.090263559,-0.03685777632,6.0692476514,-0.0398076379,6.0454228348,-0.02619376223,6.0408882124,-0.02495355227,6.0409949669,-0.02453428223
34,20300238,1,ok,3.84779e-09,3.871024e-09,3.118799e-09,3.183171e-09,1.6745813203,1.4504192351,6.0038719512,-0.002312870982,3.3,0.0,6.0000857948,-0.0003390982666,6.0916326919,-0.03664772357,6.0697098631,-0.04001388685,6.0456477136,-0.02610211467,6.0412675621,-0.02478026796,6.0411152459,-0.02421895658
35,20300239,1,ok,3.846082e-09,3.872966e-09,3.122714e-09,3.179098e-09,1.6749264288,1.4449096982,6.003888195,-0.002315750012,3.3,0.0,6.0000757258,-0.0003372045989,6.0882098765,-0.0363374844,6.069444298,-0.03954567966,6.0456500349,-0.02639780231,6.0409666923,-0.02503553524,6.0411831463,-0.02461522978
36,20300240,1,ok,3.870129e-09,3.885784e-09,3.133086e-09,3.188573e-09,1.66556586,1.4401168787,6.003932271,-0.00234304067,3.3,0.0,6.0000853092,-0.0003468889375,6.0924627009,-0.03696513571,6.0696788946,-0.03988336049,6.045642432,-0.0261932925,6.0410903121,-0.02540405226,6.0411203451,-0.02427890893
37,20300241,1,ok,3.861815e-09,3.887728e-09,3.130795e-09,3.189028e-09,1.6691558325,1.4379266886,6.0039502159,-0.002334211777,3.3,0.0,6.0000784109,-0.0003488810509,6.0905583179,-0.03673884881,6.0690294243,-0.03971249229,6.0453666948,-0.02608692175,6.0404042554,-0.0247967183,6.0412460043,-0.02420401534
38,20300242,1,ok,3.846885e-09,3.882722e-09,3.119504e-09,3.186869e-09,1.6745612146,1.449142318,6.0039154738,-0.002328415512,3.3,0.0,6.0000779043,-0.0003385022777,6.0903667222,-0.03613022027,6.0699197325,-0.03985599894,6.0452475396,-0.02619939475,6.0409586238,-0.02484873522,6.0417646281,-0.02425446631
39,20300243,1,ok,3.850949e-09,3.891918e-09,3.129932e-09,3.189575e-09,1.673312189,1.4412270777,6.0039475708,-0.002323127129,3.3,0.0,6.000083271,-0.0003388611449,6.0898738261,-0.03644956911,6.0693157399,-0.04002610947,6.0458844318,-0.02635585827,6.041339605,-0.02523522759,6.0408252303,-0.02438760368
40,20300244,1,ok,3.865695e-09,3.874366e-09,3.131673e-09,3.181907e-09,1.6677672463,1.4567974679,6.0038391059,-0.002338076972,3.3,0.0,6.0000751605,-0.0003435535184,6.0909736065,-0.03627566493,6.0695451298,-0.0393514143,6.0457076064,-0.02616704598,6.0408219246,-0.02498780512,6.0407324316,-0.0244720851
41,20300245,1,ok,3.850111e-09,3.888684e-09,3.1277e-09,3.189058e-09,1.6745960287,1.4437656198,6.0039368264,-0.002315970255,3.3,0.0,6.0000787856,-0.0003401225988,6.0893795767,-0.03666762189,6.0694060533,-0.04012471052,6.0457334961,-0.02635472405,6.0411198879,-0.02500306771,6.0406489455,-0.02435789979
42,20300246,1,ok,3.845898e-09,3.881438e-09,3.122857e-09,3.184778e-09,1.6751726378,1.4440052926,6.0039212146,-0.002320800864,3.3,0.0,6.0000825255,-0.000338356058,6.0910511742,-0.03696648357,6.0691219051,-0.03970460312,6.0450682427,-0.02622961985,6.0408838274,-0.02525721736,6.0413885436,-0.0246066682
43,20300247,1,ok,3.864567e-09,3.880034e-09,3.135102e-09,3.180025e-09,1.6680369997,1.4485523002,6.0039082028,-0.002343406175,3.3,0.0,6.000083505,-0.000335989229,6.0888509976,-0.03621607848,6.0697094195,-0.03958212137,6.0460495717,-0.02627606731,6.0409550993,-0.02502012818,6.0411381425,-0.02436920484
44,20300248,1,ok,3.863245e-09,3.876761e-09,3.133976e-09,3.181716e-09,1.6685188529,1.4561158458,6.0038151734,-0.002356069099,3.3,0.0,6.0000816818,-0.000341519502,6.0893601918,-0.03666501592,6.0691535442,-0.03940252086,6.0457452572,-0.02626334981,6.0404718735,-0.02493315107,6.0411752415,-0.02430065549
45,20300249,1,ok,3.862414e-09,3.882587e-09,3.1321e-09,3.185723e-09,1.668291758,1.4497091324,6.0039124589,-0.002347108076,3.3,0.0,6.0000767446,-0.0003400530822,6.0900997923,-0.03656225313,6.0698314134,-0.03930523027,6.0456258777,-0.02624453828,6.0406553442,-0.02493015703,6.0413162136,-0.02446152032
46,20300250,1,ok,3.863582e-09,3.881114e-09,3.132152e-09,3.185321e-09,1.6687371131,1.455175081,6.0038963876,-0.002350715603,3.3,0.0,6.000079003,-0.0003393927547,6.0909337498,-0.03624667067,6.0699670341,-0.0396306667,6.0456875639,-0.0262846192,6.0406556333,-0.02502508972,6.0410893539,-0.02407060054
47,20300251,1,ok,3.861635e-09,3.882729e-09,3.129004e-09,3.185965e-09,1.6694263581,1.4461981405,6.0039221426,-0.002335975213,3.3,0.0,6.0000747896,-0.0003347145809,6.0906601503,-0.03724868311,6.0689676008,-0.03931314418,6.0455502948,-0.02630974199,6.0406981554,-0.02511427901,6.0409103934,-0.02448979419
48,20300252,1,ok,3.850167e-09,3.878827e-09,3.127075e-09,3.183272e-09,1.6740687049,1.4449766924,6.0039010935,-0.002330106035,3.3,0.0,6.0000801351,-0.0003422769127,6.0911250273,-0.03607259714,6.0691682765,-0.03981572549,6.0455029009,-0.02637549486,6.0413259247,-0.02517299718,6.040934717,-0.02431055774
49,20300253,1,ok,3.858764e-09,3.870487e-09,3.13087e-09,3.178672e-09,1.6696175457,1.4482046049,6.0038770601,-0.002343015217,3.3,0.0,6.0000784621,-0.0003380087053,6.0888980708,-0.03676126107,6.0689711348,-0.03986112658,6.0452319138,-0.0262250654,6.041007877,-0.02492445995,6.0414397525,-0.02459353186
50,20300254,1,ok,3.854048e-09,3.878616e-09,3.127757e-09,3.184045e-09,1.6715193599,1.4512827437,6.003891977,-0.002338270258,3.3,0.0,6.0000854951,-0.0003446223135,6.092984224,-0.03698107884,6.069715414,-0.03985936086,6.0456375815,-0.02627960028,6.0407492795,-0.02493428895,6.0414153822,-0.02464716769
51,20300255,1,ok,3.849889e-09,3.878303e-09,3.122448e-09,3.185629e-09,1.6748301865,1.4449942955,6.0038973986,-0.002325319089,3.3,0.0,6.0000786605,-0.0003378762771,6.0928445452,-0.03641778269,6.0700155859,-0.03992153979,6.0458008302,-0.02621735691,6.0416892737,-0.02495766833,6.0409427667,-0.02426034675
52,20300256,1,ok,3.855192e-09,3.889926e-09,3.129519e-09,3.190533e-09,1.6711827747,1.4506080719,6.0039489961,-0.002345330026,3.3,0.0,6.0000800645,-0.0003432335819,6.0902214153,-0.03655275051,6.0694695649,-0.0392201027,6.0458912628,-0.02627779056,6.0408099092,-0.02506648886,6.0408573086,-0.0243147152
53,20300257,1,ok,3.856484e-09,3.875387e-09,3.129661e-09,3.18401e-09,1.6702272933,1.4480480925,6.0038863005,-0.002351880486,3.3,0.0,6.0000815639,-0.000333134993,6.0913350668,-0.03683034259,6.0699004496,-0.03986761067,6.0452686977,-0.0262601266,6.0417951684,-0.02498305349,6.041408226,-0.024379164
54,20300258,1,ok,3.858364e-09,3.881351e-09,3.132401e-09,3.185426e-09,1.6698318575,1.449784236,6.0039104809,-0.002320583102,3.3,0.0,6.0000826741,-0.0003415454207,6.0894879549,-0.03687202333,6.0694772682,-0.0397050298,6.0459178313,-0.02623138825,6.0411124556,-0.02505012378,6.0410383874,-0.02442029722
55,20300259,1,ok,3.862905e-09,3.875365e-09,3.133328e-09,3.182309e-09,1.6686490687,1.451116646,6.0038879724,-0.002354222051,3.3,0.0,6.00007926,-0.0003459416593,6.0905026435,-0.03666013286,6.0694425996,-0.03984234869,6.0456984858,-0.02626375102,6.041225258,-0.02489157604,6.0409299574,-0.02439069387
56,20300260,1,ok,3.873755e-09,3.888061e-09,3.132886e-09,3.190466e-09,1.6645518967,1.4458194045,6.0039288454,-0.002361610675,3.3,0.0,6.0000795017,-0.000344125575,6.0916060387,-0.03646312218,6.0689071054,-0.03978865924,6.0458383823,-0.02614816032,6.0415245706,-0.02486456455,6.0406882978,-0.02445728085
57,20300261,1,ok,3.870099e-09,3.884947e-09,3.132847e-09,3.187233e-09,1.6656756026,1.4486766547,6.0039199506,-0.00234116136,3.3,0.0,6.0000815098,-0.000348802464,6.0903686718,-0.03597749831,6.0695544814,-0.03960761517,6.0457759842,-0.02625026889,6.040978065,-0.02491464386,6.0415523993,-0.02449846896
58,20300262,1,ok,3.860278e-09,3.876745e-09,3.130465e-09,3.182037e-09,1.6688199968,1.449950677,6.0038920251,-0.002347727596,3.3,0.0,6.0000855132,-0.000339750523,6.0912689047,-0.03796242697,6.069895166,-0.03979631457,6.0458455199,-0.02626140009,6.0410395978,-0.02478131549,6.0413618188,-0.02430802047
59,20300263,1,ok,3.859796e-09,3.876524e-09,3.131041e-09,3.183708e-09,1.6687596446,1.4443513839,6.0038910613,-0.002357207328,3.3,0.0,6.0000800563,-0.0003410247145,6.0889852241,-0.03669195284,6.0696149553,-0.03949873217,6.0457192321,-0.02618108994,6.0416691045,-0.02517565041,6.0412343774,-0.02436735414
60,20300264,1,ok,3.85106e-09,3.887861e-09,3.126612e-09,3.187545e-09,1.6731188338,1.4476137793,6.0039267862,-0.00231315853,3.3,0.0,6.0000763913,-0.0003385687517,6.0893434211,-0.03675081437,6.0690094007,-0.03945941264,6.0460271187,-0.02635831048,6.0407767964,-0.02481231761,6.041150898,-0.02433465392
61,20300265,1,ok,3.847708e-09,3.887299e-09,3.123755e-09,3.18538e-09,1.6747261754,1.4468621182,6.003930965,-0.00231967584,3.3,0.0,6.000081875,-0.0003502037936,6.0909018285,-0.03638678841,6.0684833699,-0.03989566156,6.0452261462,-0.02633017571,6.0410621729,-0.02489576942,6.0415189655,-0.02439133824
62,20300266,1,ok,3.868039e-09,3.873951e-09,3.135764e-09,3.181377e-09,1.6654525068,1.455162912,6.0038178686,-0.002354104801,3.3,0.0,6.0000862087,-0.0003348966154,6.0895282475,-0.0366603391,6.0698354897,-0.03972331063,6.0457534353,-0.02629026577,6.0407218864,-0.02504110333,6.0415835266,-0.02434623758
63,20300267,1,ok,3.855909e-09,3.886478e-09,3.126631e-09,3.189499e-09,1.6705575691,1.4494679019,6.0039246744,-0.002344348194,3.3,0.0,6.0000761845,-0.0003408981158,6.0906615749,-0.03656462346,6.0695363244,-0.03930542897,6.0460216077,-0.02628957665,6.04096142,-0.02475056046,6.0414172769,-0.02450114822
64,20300268,1,ok,3.856331e-09,3.884908e-09,3.123325e-09,3.189621e-09,1.6707592892,1.4467629003,6.0039206207,-0.002338978346,3.3,0.0,6.0000816402,-0.0003466024723,6.090058486,-0.03663910208,6.0693581242,-0.03964949166,6.0454095806,-0.02616593966,6.0412859383,-0.02503404414,6.0413972931,-0.02430799665
65,20300269,1,ok,3.849189e-09,3.875356e-09,3.124746e-09,3.180262e-09,1.6731368076,1.4475057675,6.0038895547,-0.002339108393,3.3,0.0,6.0000853943,-0.000345628483,6.0918799791,-0.03642822889,6.0697715439,-0.03961737591,6.0460231134,-0.02629282783,6.0408039984,-0.02498351686,6.0414084873,-0.02420022575
66,20300270,1,ok,3.860557e-09,3.87428e-09,3.126715e-09,3.181455e-09,1.6696447219,1.4506949615,6.0038839263,-0.002318559301,3.3,0.0,6.0000760351,-0.0003459703324,6.0907481593,-0.03667567899,6.0699150499,-0.03944415629,6.0457738242,-0.02619691082,6.0409469361,-0.0250783008,6.0411885665,-0.02448606955
67,20300271,1,ok,3.852332e-09,3.878294e-09,3.127716e-09,3.183684e-09,1.6719765623,1.4561082363,6.0038765159,-0.002334650361,3.3,0.0,6.0000859283,-0.0003430241263,6.0913970067,-0.03658465372,6.0693856176,-0.03951244564,6.0458941224,-0.0262043127,6.0405981469,-0.02491388838,6.0413961472,-0.02446478779
68,20300272,1,ok,3.86254e-09,3.881078e-09,3.133046e-09,3.183067e-09,1.66871278,1.4455633729,6.0039062674,-0.002319879621,3.3,0.0,6.0000846068,-0.0003432488715,6.0906422966,-0.03704005929,6.0691356887,-0.03969108908,6.0459264878,-0.02642014982,6.0411983848,-0.02515893603,6.040806726,-0.02451172032
69,20300273,1,ok,3.85356e-09,3.880199e-09,3.129027e-09,3.185181e-09,1.6720024314,1.4502784979,6.0039055134,-0.002334384461,3.3,0.0,6.0000792043,-0.0003298403482,6.0909154336,-0.03682599002,6.0694284836,-0.03917886928,6.0463771792,-0.02631674526,6.0412495934,-0.02516854152,6.0408113892,-0.02440826536
70,20300274,1,ok,3.856796e-09,3.874175e-09,3.128692e-09,3.180745e-09,1.6713211847,1.4496738628,6.0038876157,-0.002334239647,3.3,0.0,6.0000757674,-0.0003411275284,6.0883151516,-0.03656739326,6.0698629413,-0.03950429219,6.0458200161,-0.02619494619,6.040344483,-0.02505228241,6.0410116558,-0.02418231458
71,20300275,1,ok,3.84132e-09,3.880068e-09,3.119851e-09,3.185478e-09,1.6773941309,1.4470043114,6.0039167635,-0.002318631989,3.3,0.0,6.0000788921,-0.0003455358745,6.0882132218,-0.03672574856,6.0699934755,-0.03957965464,6.0457708148,-0.02635786408,6.0402529692,-0.0249561297,6.0411973806,-0.02453620268
72,20300276,1,ok,3.863928e-09,3.884088e-09,3.130465e-09,3.189118e-09,1.6673018281,1.4502728404,6.0039181097,-0.002346831365,3.3,0.0,6.0000800763,-0.0003437327724,6.0886898524,-0.03673385167,6.0693741266,-0.03932524671,6.0459085521,-0.02616667336,6.0412015612,-0.02475209288,6.0413212596,-0.0246304864
73,20300277,1,ok,3.847338e-09,3.878327e-09,3.124268e-09,3.180396e-09,1.6743945317,1.452088351,6.0039014583,-0.002329452858,3.3,0.0,6.0000784894,-0.0003365670249,6.0895693316,-0.03591917744,6.069560507,-0.03983178911,6.0448848641,-0.0262899076,6.040428346,-0.02470023672,6.0416263331,-0.02444717289
74,20300278,1,ok,3.839239e-09,3.879717e-09,3.117422e-09,3.188031e-09,1.6791192623,1.4405717655,6.0039037534,-0.002315039671,3.3,0.0,6.0000790343,-0.0003467852794,6.0932721711,-0.03633063742,6.0698595358,-0.03987495763,6.0457145625,-0.02623141939,6.0415281644,-0.02503401436,6.0409073173,-0.02441167076
75,20300279,1,ok,3.853035e-09,3.884215e-09,3.123823e-09,3.187826e-09,1.6726738884,1.4450544067,6.0039201252,-0.00233948909,3.3,0.0,6.0000797954,-0.0003422623004,6.0901796762,-0.03644467785,6.0692440567,-0.03952658346,6.0461121297,-0.02632124924,6.0419112739,-0.02476456302,6.0410734412,-0.02427367131
76,20300280,1,ok,3.865577e-09,3.879722e-09,3.129764e-09,3.185331e-09,1.6679978589,1.4472237424,6.0039017537,-0.002340311972,3.3,0.0,6.0000798835,-0.0003446139423,6.0905807296,-0.0366617662,6.0691490929,-0.03991749273,6.0461416379,-0.02632565043,6.0414963169,-0.02508244605,6.0409783135,-0.02454633672
77,20300281,1,ok,3.858989e-09,3.88406e-09,3.130013e-09,3.187946e-09,1.6698049225,1.447474846,6.0039210329,-0.0023408329,3.3,0.0,6.0000791861,-0.0003538406281,6.0887341892,-0.03701040879,6.0695826622,-0.03938997687,6.0461609387,-0.02623964627,6.0415234726,-0.02502362864,6.0411194286,-0.02435701191
78,20300282,1,ok,3.851842e-09,3.882422e-09,3.124969e-09,3.189167e-09,1.6737143384,1.4469441381,6.0039094358,-0.002317231732,3.3,0.0,6.0000776235,-0.0003511232978,6.0889696663,-0.03708962482,6.0699870756,-0.03939237252,6.0458772084,-0.0260869536,6.0419249712,-0.02504017576,6.0407866769,-0.02457341403
79,20300283,1,ok,3.869895e-09,3.883809e-09,3.132811e-09,3.189329e-09,1.6651495837,1.4439680932,6.0039193435,-0.002356737079,3.3,0.0,6.0000852741,-0.0003290383546,6.0926110292,-0.03691466521,6.0694874391,-0.03970317867,6.0459951088,-0.02620656498,6.0414163947,-0.02514477825,6.0410869765,-0.02434197774
80,20300284,1,ok,3.859022e-09,3.886175e-09,3.129264e-09,3.187155e-09,1.6698027719,1.4485334268,6.0039246152,-0.002338625196,3.3,0.0,6.0000772515,-0.0003537546199,6.0884259928,-0.03668701389,6.0693734551,-0.03957965833,6.0454587222,-0.02624889904,6.0406919386,-0.02491974102,6.0417540489,-0.02433211964
81,20300285,1,ok,3.859676e-09,3.876692e-09,3.130973e-09,3.182662e-09,1.6692311076,1.4568203717,6.0038097467,-0.002348326959,3.3,0.0,6.0000810112,-0.0003479182373,6.0917946216,-0.03680141865,6.0696615325,-0.03969687347,6.0461467477,-0.0263578577,6.0403611246,-0.02507739685,6.041242207,-0.02438382214
82,20300286,1,ok,3.85267e-09,3.88193e-09,3.12473e-09,3.186522e-09,1.6734208199,1.4470764059,6.003916903,-0.002322645467,3.3,0.0,6.0000791632,-0.0003475710229,6.0941007585,-0.03684641678,6.0695453959,-0.0396362937,6.0455329686,-0.02613940644,6.0411391352,-0.02513400939,6.0410887075,-0.02427130393
83,20300287,1,ok,3.862148e-09,3.88588e-09,3.125642e-09,3.190124e-09,1.6688099074,1.4499623187,6.0039232009,-0.002331986365,3.3,0.0,6.0000792413,-0.0003428446674,6.092071283,-0.03677492748,6.0695072566,-0.03977915132,6.0454346897,-0.02612082966,6.0405736576,-0.02489900861,6.0414006418,-0.02446398506
84,20300288,1,ok,3.850822e-09,3.878823e-09,3.122254e-09,3.182695e-09,1.6738184776,1.4539857955,6.0038402179,-0.002327707267,3.3,0.0,6.0000790239,-0.0003138923818,6.0904784379,-0.03630059439,6.0694863394,-0.03956195327,6.0461833276,-0.02625967085,6.0407814433,-0.02520761233,6.0413699659,-0.02434378051
85,20300289,1,ok,3.852346e-09,3.87609e-09,3.126691e-09,3.183127e-09,1.6728842445,1.4513234641,6.0038970308,-0.002336766012,3.3,0.0,6.0000798486,-0.0003413415663,6.0896308278,-0.03658868526,6.0692183713,-0.03940884956,6.0460193796,-0.02620370729,6.0411027675,-0.02505428514,6.0409943213,-0.02452008144
86,20300290,1,ok,3.864481e-09,3.888952e-09,3.132414e-09,3.188954e-09,1.6685952724,1.4448992178,6.0039376979,-0.002332731406,3.3,0.0,6.0000806721,-0.0003479905476,6.0898306952,-0.03661345869,6.0697299368,-0.03948636706,6.0457751086,-0.02638450909,6.0410764039,-0.02492830047,6.0404493173,-0.0243879054
87,20300291,1,ok,3.868173e-09,3.887645e-09,3.134791e-09,3.189657e-09,1.6675126604,1.451503775,6.0039336651,-0.002329496225,3.3,0.0,6.000078792,-0.0003408042595,6.0900450305,-0.03711476173,6.0693044173,-0.03990676907,6.0454712986,-0.02608556936,6.0409984619,-0.02501935869,6.0409224747,-0.02421711923
88,20300292,1,ok,3.847274e-09,3.88009e-09,3.125952e-09,3.182407e-09,1.6745264567,1.4493997071,6.0039044178,-0.002336360845,3.3,0.0,6.0000809299,-0.000338563136,6.0889047798,-0.03612220908,6.0696453618,-0.03959719821,6.0454465197,-0.02636652681,6.0409703632,-0.02495882521,6.0412528853,-0.02440155381
89,20300293,1,ok,3.850038e-09,3.878227e-09,3.119398e-09,3.185575e-09,1.6747288008,1.4509136827,6.0038925058,-0.00230432036,3.3,0.0,6.0000790773,-0.0003405623918,6.090485786,-0.03650630516,6.0696482593,-0.03986918601,6.0458532308,-0.0261987777,6.0414873269,-0.02480873103,6.0406472912,-0.0245397962
90,20300294,1,ok,3.877074e-09,3.880939e-09,3.140416e-09,3.185003e-09,1.6633049985,1.4424930676,6.0039098126,-0.002360986786,3.3,0.0,6.0000787423,-0.0003423594782,6.0909210687,-0.03663109947,6.0699449196,-0.03969092068,6.0458385854,-0.02615711139,6.0409340215,-0.02505192718,6.0406851675,-0.02432187336
91,20300295,1,ok,3.861921e-09,3.885486e-09,3.129174e-09,3.18942e-09,1.6678175116,1.4455538267,6.0039245254,-0.002333455984,3.3,0.0,6.0000812507,-0.000348782373,6.0880435785,-0.03590047121,6.0692920294,-0.03917174674,6.0460212048,-0.02627276584,6.0418722556,-0.02471627103,6.0410907306,-0.02431978692
92,20300296,1,ok,3.860045e-09,3.884901e-09,3.130284e-09,3.186517e-09,1.6698318118,1.4495310283,6.0039318428,-0.002340702341,3.3,0.0,6.0000791283,-0.0003413053704,6.0897881149,-0.0368258086,6.0694242905,-0.03982907843,6.0456739572,-0.02629073365,6.0403435598,-0.02485328471,6.0411862477,-0.02451670716
93,20300297,1,ok,3.850274e-09,3.879708e-09,3.126619e-09,3.183062e-09,1.6734446776,1.4490068729,6.0039017042,-0.002325424426,3.3,0.0,6.0000780003,-0.0003369453901,6.0909983092,-0.03598478616,6.0695685434,-0.03982812788,6.0452658325,-0.02632219681,6.0411056678,-0.02496174018,6.0415185685,-0.02442177544
94,20300298,1,ok,3.868139e-09,3.875002e-09,3.12869e-09,3.183544e-09,1.6658921462,1.4510379698,6.0038838051,-0.002349325433,3.3,0.0,6.0000814647,-0.0003560359556,6.0905631655,-0.03717582196,6.069481735,-0.03958553615,6.0453168789,-0.02619697751,6.0411103901,-0.02500918901,6.0413047755,-0.02444742273
95,20300299,1,ok,3.846247e-09,3.884208e-09,3.123542e-09,3.18572e-09,1.6752784517,1.4457126046,6.0039172096,-0.002320069176,3.3,0.0,6.0000802805,-0.0003415130047,6.0889664589,-0.03674273177,6.0694964109,-0.03953573475,6.0457571787,-0.02631648593,6.0413687339,-0.02516297275,6.0409296876,-0.02441321898
96,20300300,1,ok,3.855699e-09,3.880063e-09,3.128636e-09,3.183516e-09,1.6720241519,1.4451202612,6.003905633,-0.00232878292,3.3,0.0,6.0000794122,-0.0003501691512,6.0905178202,-0.03593638485,6.069774598,-0.03961132599,6.0458158361,-0.02632669083,6.0411905939,-0.02503366911,6.040896903,-0.02432734253
97,20300301,1,ok,3.845432e-09,3.88561e-09,3.122186e-09,3.187487e-09,1.6748238731,1.4475464768,6.0039251845,-0.00233172701,3.3,0.0,6.0000866325,-0.0003440117149,6.0899804388,-0.03643614407,6.0698400994,-0.03967329505,6.0457398073,-0.02632031444,6.0410832004,-0.024981226,6.0418317303,-0.02435443861
98,20300302,1,ok,3.859291e-09,3.890623e-09,3.128974e-09,3.1923e-09,1.6701404022,1.4466974179,6.0039405148,-0.002340933515,3.3,0.0,6.000076296,-0.000307998494,6.088833771,-0.03736986263,6.0689530719,-0.03932954171,6.0458953895,-0.02618420324,6.0414991985,-0.024906621,6.0409718479,-0.02450203195
99,20300303,1,ok,3.851923e-09,3.867932e-09,3.123743e-09,3.179263e-09,1.6733928888,1.4491836681,6.0038608665,-0.002322727044,3.3,0.0,6.0000790457,-0.0003417485504,6.0914404043,-0.03626589371,6.0690824764,-0.03966011226,6.0457390865,-0.02619737793,6.0413017099,-0.02514705133,6.0410483453,-0.02428622557
100,20300304,1,ok,3.858602e-09,3.877108e-09,3.128532e-09,3.18347e-09,1.6694144154,1.4556918416,6.0038912108,-0.002343110237,3.3,0.0,6.0000779381,-0.0003420253499,6.0874212096,-0.03694826692,6.069420073,-0.03942315178,6.0457983691,-0.02621715859,6.040996065,-0.02480145317,6.040935835,-0.02437581196
101,20300305,1,ok,3.848426e-09,3.879202e-09,3.126986e-09,3.181103e-09,1.6740464621,1.4411724331,6.0039069539,-0.002328230486,3.3,0.0,6.0000792178,-0.000346493381,6.0909731749,-0.03660271542,6.0699082694,-0.03947850298,6.0452834734,-0.02638316183,6.0414639307,-0.02491051614,6.0418241369,-0.0242909333
102,20300306,1,ok,3.847905e-09,3.88169e-09,3.12406e-09,3.18548e-09,1.6740149236,1.450692408,6.0039145349,-0.002330388766,3.3,0.0,6.0000799721,-0.0003438989439,6.0891383281,-0.03623427837,6.0695535898,-0.0393833635,6.0456874728,-0.0262054475,6.04078186,-0.0251758021,6.0411950787,-0.02469103418
103,20300307,1,ok,3.840033e-09,3.883412e-09,3.121086e-09,3.185521e-09,1.6789056633,1.4469192913,6.0039169277,-0.002300043708,3.3,0.0,6.0000807804,-0.0003437910082,6.0898530803,-0.036552037,6.0698400244,-0.0397518632,6.0457606815,-0.02632380545,6.0415071501,-0.02496653572,6.0415120829,-0.02441565532
104,20300308,1,ok,3.856208e-09,3.879919e-09,3.127302e-09,3.183429e-09,1.6710116342,1.455633633,6.0038156388,-0.002332425901,3.3,0.0,6.0000845813,-0.0003416535741,6.0878158176,-0.03665673467,6.069069866,-0.03988528959,6.0461974307,-0.02632761702,6.0407893155,-0.02489395486,6.0411132278,-0.02451693469
105,20300309,1,ok,3.857424e-09,3.878678e-09,3.12886e-09,3.183443e-09,1.6702027845,1.4498305736,6.003899221,-0.002329007783,3.3,0.0,6.0000856577,-0.0003463194469,6.0911253384,-0.03640236398,6.0690705056,-0.03976803424,6.0459406968,-0.0263317353,6.0413091308,-0.02504390876,6.0414651112,-0.0245052563
106,20300310,1,ok,3.853276e-09,3.884332e-09,3.124252e-09,3.187175e-09,1.6724350901,1.446741003,6.0039256622,-0.002333995602,3.3,0.0,6.0000786106,-0.0003388951889,6.0937825873,-0.03645220916,6.0692271292,-0.03989476609,6.0456570183,-0.02628556661,6.0410766732,-0.02482087169,6.0408769742,-0.024265859
107,20300311,1,ok,3.849914e-09,3.883438e-09,3.125958e-09,3.187442e-09,1.6739181558,1.4408824239,6.0038834296,-0.002315683734,3.3,0.0,6.0000756964,-0.0003349271797,6.0896276181,-0.03653142771,6.0696013615,-0.03955911245,6.0458900692,-0.02627247274,6.0409700215,-0.02501110794,6.0415225569,-0.02435078961
108,20300312,1,ok,3.862678e-09,3.890368e-09,3.129149e-09,3.192317e-09,1.6694226204,1.4451850729,6.0039438681,-0.002328041298,3.3,0.0,6.0000834257,-0.000351719335,6.0907924444,-0.03678495755,6.069801322,-0.03959907866,6.0455353171,-0.0261109595,6.0412013659,-0.02511745205,6.0406806756,-0.02446966119
109,20300313,1,ok,3.86445e-09,3.884029e-09,3.129888e-09,3.188132e-09,1.6680560571,1.4382398948,6.0039216247,-0.002352933619,3.3,0.0,6.0000785917,-0.000334422623,6.0915894349,-0.03698470046,6.0691267251,-0.0398591696,6.0458626548,-0.02628549587,6.0414922917,-0.02506209152,6.0401586382,-0.02408859421
110,20300314,1,ok,3.860875e-09,3.882753e-09,3.130348e-09,3.187025e-09,1.6694410504,1.4441956936,6.0039155293,-0.002325478048,3.3,0.0,6.0000846527,-0.0003359051506,6.0891279122,-0.03701325797,6.069720002,-0.03950999211,6.0456980336,-0.0262033178,6.0412840521,-0.02475570549,6.0406363998,-0.02413802986
111,20300315,1,ok,3.853945e-09,3.884533e-09,3.127605e-09,3.187054e-09,1.6714865951,1.4523672514,6.0038397787,-0.002343794241,3.3,0.0,6.000081881,-0.0003465199147,6.0918989487,-0.03640997303,6.0692685215,-0.03962936163,6.0450013034,-0.02625331542,6.0409981948,-0.02513044473,6.0416832702,-0.02444022957
112,20300316,1,ok,3.849283e-09,3.884232e-09,3.123903e-09,3.187574e-09,1.674136395,1.4465034621,6.0039233449,-0.002316735819,3.3,0.0,6.0000843574,-0.0003410087858,6.087691184,-0.03589962678,6.0693961817,-0.03990441456,6.045604069,-0.02641779666,6.0414104792,-0.02517363871,6.0417151273,-0.02438769535
113,20300317,1,ok,3.862017e-09,3.882845e-09,3.130072e-09,3.186845e-09,1.6684542856,1.4473547729,6.003919341,-0.002341450162,3.3,0.0,6.0000760942,-0.0003418214325,6.0897763908,-0.03644488876,6.0698169169,-0.03945429417,6.0454368827,-0.02624268455,6.0412454164,-0.02494560582,6.0417343415,-0.02434322405
114,20300318,1,ok,3.852933e-09,3.884202e-09,3.125098e-09,3.188321e-09,1.6722928335,1.4485355893,6.0039171055,-0.002325907661,3.3,0.0,6.0000816023,-0.0003462115682,6.0899052254,-0.03724264548,6.069318167,-0.0396588877,6.0462341394,-0.02616156886,6.0409256859,-0.02483617158,6.0412262344,-0.02435604439
115,20300319,1,ok,3.864803e-09,3.88391e-09,3.129029e-09,3.188851e-09,1.668803254,1.4396323398,6.0039227528,-0.00233903742,3.3,0.0,6.0000791867,-0.000345934713,6.0910442068,-0.03660118705,6.0696648475,-0.04007956562,6.0459757183,-0.02611571696,6.0414837082,-0.02525937094,6.0405891973,-0.02427726029
116,20300320,1,ok,3.861675e-09,3.886862e-09,3.131612e-09,3.18739e-09,1.6683854981,1.4450994529,6.0039325431,-0.002346639985,3.3,0.0,6.0000773298,-0.0003421963159,6.0914962271,-0.03582397792,6.0697902233,-0.03975318303,6.045453762,-0.02638728933,6.0412729014,-0.02503086373,6.0418997914,-0.02435107423
117,20300321,1,ok,3.852721e-09,3.867489e-09,3.125222e-09,3.179182e-09,1.6723697502,1.4450469623,6.0038558758,-0.002330547868,3.3,0.0,6.0000819325,-0.0003391718543,6.0907625692,-0.03658191223,6.069461495,-0.0397899279,6.0454653877,-0.02624099731,6.041620178,-0.0251579299,6.0408372115,-0.02433435684
118,20300322,1,ok,3.853378e-09,3.886408e-09,3.126749e-09,3.186911e-09,1.6730365525,1.4515397551,6.0039393352,-0.002327855457,3.3,0.0,6.0000830887,-0.0003401681658,6.0868208686,-0.03620694427,6.0690868553,-0.03965226433,6.0460655686,-0.02636216219,6.0411520072,-0.02528374385,6.0411111981,-0.02433421845
119,20300323,1,ok,3.862415e-09,3.889427e-09,3.12944e-09,3.191728e-09,1.6684686776,1.4473725028,6.0039404274,-0.002359309035,3.3,0.0,6.000085015,-0.0003504505838,6.0938951383,-0.03608551696,6.0696271886,-0.039873249,6.0458793418,-0.02618166403,6.0397866904,-0.02500781621,6.0409876687,-0.02426446137
120,20300324,1,ok,3.862156e-09,3.875766e-09,3.131535e-09,3.182831e-09,1.6688633029,1.4478058462,6.0038906548,-0.002340856928,3.3,0.0,6.0000762134,-0.0003459541719,6.0881481228,-0.03668700745,6.0691022562,-0.03956977718,6.0461009142,-0.02628994466,6.0414553735,-0.02514331096,6.0409081866,-0.02434898124
121,20300325,1,ok,3.855054e-09,3.888628e-09,3.130717e-09,3.188156e-09,1.6716994284,1.4432256857,6.0038871561,-0.002334750826,3.3,0.0,6.0000794049,-0.000344257845,6.0925064338,-0.0363201373,6.0693782998,-0.03919993994,6.0455378195,-0.02627156765,6.0404592659,-0.02503016097,6.0410934448,-0.02446076165
122,20300326,1,ok,3.861101e-09,3.877929e-09,3.127137e-09,3.183923e-09,1.6696211684,1.4476167614,6.0039002011,-0.002332719219,3.3,0.0,6.0000790251,-0.000345807673,6.0896209038,-0.03641065712,6.069487603,-0.0397861371,6.0456533956,-0.02624934809,6.0410375951,-0.02511767393,6.0407618678,-0.02423507944
123,20300327,1,ok,3.853389e-09,3.885819e-09,3.125502e-09,3.188e-09,1.6723688486,1.4456107703,6.0039311602,-0.002323339943,3.3,0.0,6.0000857624,-0.0003431759283,6.0871464622,-0.03678120234,6.0689728339,-0.03973798085,6.0453069811,-0.02616287131,6.04141838,-0.02501431019,6.0415753447,-0.02430597979
124,20300328,1,ok,3.851337e-09,3.87282e-09,3.121077e-09,3.183577e-09,1.6721541908,1.4501894083,6.0038789287,-0.002346981402,3.3,0.0,6.0000820964,-0.0003517511818,6.0888387887,-0.03656712617,6.06941662,-0.03962746905,6.0454156943,-0.02606347604,6.0413812841,-0.02494670715,6.0413132919,-0.02444946537
125,20300329,1,ok,3.841616e-09,3.889223e-09,3.117277e-09,3.188507e-09,1.6779375693,1.4463315751,6.0039343476,-0.002308017043,3.3,0.0,6.0000797104,-0.0003442203394,6.0894802271,-0.03567553325,6.0695587054,-0.03992202129,6.0457135834,-0.02642526925,6.0409050583,-0.02503393805,6.0409275964,-0.0244385724
126,20300330,1,ok,3.858791e-09,3.877895e-09,3.131406e-09,3.181078e-09,1.6705936542,1.4479974116,6.0039042418,-0.002321951763,3.3,0.0,6.0000800956,-0.0003439883182,6.0911724984,-0.0365364757,6.0698577898,-0.03942570195,6.0459311136,-0.02630645832,6.04054378,-0.02483612189,6.0413275739,-0.02427707054
127,20300331,1,ok,3.864403e-09,3.875306e-09,3.129706e-09,3.186005e-09,1.6671736778,1.4499017668,6.00388712,-0.002349486191,3.3,0.0,6.0000866163,-0.0003548360932,6.0898352624,-0.03645958059,6.0692635428,-0.03952478038,6.0456241318,-0.02618476647,6.0417432852,-0.02501645148,6.0419010573,-0.02465958505
128,20300332,1,ok,3.85724e-09,3.880049e-09,3.130509e-09,3.183957e-09,1.669778758,1.4485726997,6.0039024151,-0.002347000671,3.3,0.0,6.0000851941,-0.000343695306,6.0919453217,-0.03650378705,6.0695125229,-0.03972617217,6.045463825,-0.02625490799,6.0411707727,-0.02502751786,6.041465305,-0.02450826532
129,20300333,1,ok,3.859152e-09,3.874862e-09,3.126354e-09,3.183471e-09,1.6692397631,1.4483692789,6.0038887752,-0.00234166894,3.3,0.0,6.0000779825,-0.0003409965112,6.0916784172,-0.03649375257,6.0697068332,-0.03994446469,6.0452277129,-0.02610622028,6.0408524382,-0.02510413159,6.0416474965,-0.02425387202
130,20300334,1,ok,3.866189e-09,3.876192e-09,3.132511e-09,3.183433e-09,1.6667625091,1.4459459376,6.003894251,-0.002361529742,3.3,0.0,6.0000752262,-0.0003513326544,6.0905685141,-0.03690439667,6.0698532993,-0.03948551115,6.0460557864,-0.02628583085,6.0415032283,-0.02494007875,6.0416199378,-0.02428617657
131,20300335,1,ok,3.858155e-09,3.892307e-09,3.126684e-09,3.193413e-09,1.6693797596,1.4504392688,6.0039507848,-0.002311302461,3.3,0.0,6.0000830627,-0.0003454940717,6.0923295671,-0.03697291614,6.0686146757,-0.03987873696,6.0458457054,-0.02620079635,6.0410705446,-0.02516595695,6.0411028643,-0.02453834936
132,20300336,1,ok,3.843013e-09,3.872487e-09,3.120249e-09,3.181403e-09,1.6754592484,1.4511061228,6.00387394,-0.002333521747,3.3,0.0,6.0000818034,-0.0003455910249,6.0903540721,-0.03654451723,6.0694288266,-0.03972104476,6.0455929747,-0.02620439172,6.0417644212,-0.02472647775,6.0417044919,-0.02443880787
133,20300337,1,ok,3.861894e-09,3.876235e-09,3.127294e-09,3.183762e-09,1.6683019401,1.4483106171,6.0038907282,-0.002344323783,3.3,0.0,6.0000753018,-0.0003355542425,6.0897444666,-0.03700160068,6.0696294338,-0.03935574028,6.0459652924,-0.02614301012,6.0411420405,-0.02502004115,6.0410815707,-0.02430958827
134,20300338,1,ok,3.8601e-09,3.87271e-09,3.129428e-09,3.178889e-09,1.6694015516,1.4526795797,6.0038764645,-0.00232391031,3.3,0.0,6.0000858359,-0.0003486441882,6.0910986304,-0.03646229845,6.0693225077,-0.03968537204,6.0457690775,-0.02638358461,6.0409011959,-0.02494556877,6.0411077634,-0.02442348736
135,20300339,1,ok,3.851924e-09,3.883523e-09,3.126632e-09,3.186192e-09,1.6733343696,1.4490485656,6.0039100791,-0.002331227446,3.3,0.0,6.0000793048,-0.0003372755145,6.0894206322,-0.03718404783,6.0693133972,-0.039886168,6.0454225768,-0.02622652907,6.0408136688,-0.02477092951,6.0407944103,-0.0243637288
136,20300340,1,ok,3.849753e-09,3.882672e-09,3.126277e-09,3.185359e-09,1.6731240925,1.454425724,6.0039121609,-0.002335516719,3.3,0.0,6.0000753092,-0.0003371347017,6.0892933479,-0.03662201084,6.0693060168,-0.03951484505,6.0455082178,-0.02626090474,6.040481503,-0.02487571353,6.0418052974,-0.02455654194
137,20300341,1,ok,3.857438e-09,3.884658e-09,3.128216e-09,3.187158e-09,1.6714269204,1.4487339549,6.0038601228,-0.002332778482,3.3,0.0,6.0000762564,-0.0003367790485,6.0880139061,-0.03673246106,6.069556256,-0.03938086971,6.0458508391,-0.02632191725,6.0410353503,-0.02500452534,6.0407845795,-0.02427692287
138,20300342,1,ok,3.867504e-09,3.891086e-09,3.134371e-09,3.189924e-09,1.6673492885,1.4464091467,6.0039392354,-0.002349179147,3.3,0.0,6.0000789054,-0.0003353953738,6.0909900615,-0.0364939426,6.0697360097,-0.03975133993,6.0456347923,-0.02623977028,6.0405052769,-0.02494092933,6.0406797782,-0.0245213611
139,20300343,1,ok,3.859902e-09,3.882716e-09,3.125831e-09,3.19e-09,1.6696228129,1.4427372234,6.0039147802,-0.002341255639,3.3,0.0,6.0000788271,-0.0003405568378,6.0909832689,-0.03709530564,6.06986326,-0.03986730507,6.0453015351,-0.02634104281,6.041755431,-0.02508152219,6.0406269976,-0.02428995239
140,20300344,1,ok,3.847711e-09,3.886388e-09,3.124214e-09,3.188762e-09,1.6747905578,1.4477750191,6.0039306855,-0.002316203006,3.3,0.0,6.0000765577,-0.0003455773788,6.087738444,-0.03642529828,6.0697841587,-0.03940671539,6.0461727053,-0.02618147932,6.0408075096,-0.02491760376,6.0414936412,-0.02432032669
141,20300345,1,ok,3.857504e-09,3.885145e-09,3.13099e-09,3.183172e-09,1.6707152912,1.448482969,6.0039266938,-0.002336132249,3.3,0.0,6.0000782909,-0.000342864897,6.089035981,-0.03634693165,6.0692835952,-0.03988276019,6.0456682301,-0.02639152113,6.0409762512,-0.02494898044,6.0411953955,-0.02428469049
142,20300346,1,ok,3.859615e-09,3.886181e-09,3.126104e-09,3.190127e-09,1.6708339079,1.447769992,6.0039383618,-0.002320304188,3.3,0.0,6.0000792377,-0.0003410297559,6.0930013767,-0.03694258681,6.0697881659,-0.04001641816,6.0456311186,-0.02618750713,6.0408293908,-0.02487151814,6.0411137863,-0.02437357325
143,20300347,1,ok,3.862915e-09,3.886949e-09,3.131438e-09,3.188107e-09,1.6678026301,1.44591318,6.0039243568,-0.002356070217,3.3,0.0,6.0000783163,-0.0003403340723,6.089644095,-0.03670837269,6.0694130975,-0.03944218605,6.0458555802,-0.02620621094,6.0410139081,-0.02505601854,6.0409789029,-0.02448823517
144,20300348,1,ok,3.856217e-09,3.883111e-09,3.130334e-09,3.184735e-09,1.6716115321,1.4428801152,6.0039169296,-0.00233666491,3.3,0.0,6.0000788841,-0.0003390064306,6.0922804002,-0.03718204102,6.0687849346,-0.0396253815,6.0458031939,-0.02624857232,6.0419474873,-0.02513740715,6.0410792957,-0.02439359258
145,20300349,1,ok,3.856809e-09,3.888256e-09,3.12655e-09,3.191028e-09,1.6710944341,1.4370516339,6.0039386833,-0.002350601573,3.3,0.0,6.0000795868,-0.0003451027224,6.0918585878,-0.03679821289,6.0693452192,-0.03945725184,6.0460170054,-0.02614477267,6.0416401335,-0.0249870141,6.0405681938,-0.02416395376
146,20300350,1,ok,3.833503e-09,3.890079e-09,3.118201e-09,3.191243e-09,1.68132671,1.4472533336,6.0039370732,-0.002297352417,3.3,0.0,6.0000793335,-0.0003424995667,6.0913367986,-0.03684904278,6.0694759555,-0.04001153697,6.045791206,-0.02620912426,6.0415893131,-0.0248864439,6.0412570506,-0.02443270974
147,20300351,1,ok,3.851139e-09,3.870453e-09,3.124374e-09,3.179648e-09,1.6727322988,1.4443190669,6.0038762223,-0.002351215204,3.3,0.0,6.000078076,-0.000337429852,6.0890102035,-0.03659210267,6.0696746576,-0.04001591559,6.0461260074,-0.02621322065,6.0411238976,-0.02484642747,6.0405548425,-0.02434449154
148,20300352,1,ok,3.839504e-09,3.87374e-09,3.120763e-09,3.179071e-09,1.6783991508,1.4557966458,6.0038730771,-0.002308944256,3.3,0.0,6.000078996,-0.0003428584015,6.090811803,-0.03620895566,6.0697194698,-0.03963605155,6.0456475479,-0.02624768015,6.0406989758,-0.02474351954,6.0406889981,-0.02427468882
149,20300353,1,ok,3.845743e-09,3.877297e-09,3.12311e-09,3.181537e-09,1.6749869379,1.4479796005,6.0038934483,-0.002328377954,3.3,0.0,6.0000813125,-0.0003424228203,6.0914394015,-0.03666805163,6.0693885161,-0.04004008569,6.0460115015,-0.02643451354,6.0411405346,-0.02498709684,6.0409898031,-0.02437830794
150,20300354,1,ok,3.85191e-09,3.876606e-09,3.128803e-09,3.17897e-09,1.6722170555,1.4481188853,6.0038958309,-0.002328915179,3.3,0.0,6.0000831959,-0.0003467724123,6.0908124779,-0.03667427551,6.0694618303,-0.03965297176,6.0458111736,-0.02623982922,6.041912938,-0.0249155915,6.0415234604,-0.02441161743
151,20300355,1,ok,3.852495e-09,3.878677e-09,3.127751e-09,3.182818e-09,1.6731427915,1.4480586729,6.0038992658,-0.002314954137,3.3,0.0,6.0000809639,-0.0003457708664,6.0904880586,-0.03648248598,6.0693038771,-0.03966589716,6.0461909406,-0.0263305008,6.0409779056,-0.02514416726,6.0410992265,-0.02445820339
152,20300356,1,ok,3.862135e-09,3.880621e-09,3.129019e-09,3.186673e-09,1.668312809,1.4431822158,6.0039077459,-0.002361881554,3.3,0.0,6.000078276,-0.0003478175446,6.0911516314,-0.03606693889,6.069331997,-0.03981884544,6.0453656533,-0.02626195176,6.041794318,-0.02521082803,6.0416539351,-0.02442793019
153,20300357,1,ok,3.843421e-09,3.875594e-09,3.121139e-09,3.18258e-09,1.6765210736,1.4444352294,6.0038920407,-0.002313652655,3.3,0.0,6.0000831246,-0.0003423153561,6.0914544787,-0.03638330505,6.0696517049,-0.039841945,6.0453137718,-0.02633665559,6.0412911277,-0.0251030152,6.0412321243,-0.02415558115
154,20300358,1,ok,3.848341e-09,3.879409e-09,3.121529e-09,3.185796e-09,1.6744386858,1.44758075,6.0039042703,-0.002317338211,3.3,0.0,6.0000757236,-0.0003432001431,6.0907202185,-0.03716410009,6.069054257,-0.03971042362,6.0459212521,-0.02618852823,6.0415515409,-0.02493097712,6.0414614255,-0.02421405314
155,20300359,1,ok,3.857612e-09,3.886502e-09,3.126864e-09,3.189662e-09,1.6698781351,1.4459453181,6.0039322244,-0.002353356502,3.3,0.0,6.0000787973,-0.0003424366547,6.0915485967,-0.03621252973,6.069641494,-0.03999756911,6.0452542295,-0.02619255942,6.0412508136,-0.02489333768,6.0411792717,-0.02434374571
156,20300360,1,ok,3.85617e-09,3.885374e-09,3.132167e-09,3.184591e-09,1.6702115755,1.446286527,6.0039259793,-0.002357324096,3.3,0.0,6.0000760041,-0.0003487602445,6.0901593022,-0.03647681531,6.0696268271,-0.03939405013,6.0461927752,-0.02644468289,6.0415984006,-0.02494386542,6.041672033,-0.02437921105
157,20300361,1,ok,3.865076e-09,3.878428e-09,3.130236e-09,3.185088e-09,1.6670151692,1.4479688947,6.0039045031,-0.002351053894,3.3,0.0,6.0000855374,-0.0003432055619,6.0901681475,-0.03616654107,6.0700575428,-0.03999364464,6.0459481044,-0.02628164571,6.0413353734,-0.02523449644,6.0414854766,-0.02440188612
158,20300362,1,ok,3.870695e-09,3.877256e-09,3.133965e-09,3.182326e-09,1.6644586011,1.4459623333,6.003894796,-0.002361193281,3.3,0.0,6.0000758077,-0.0003430080573,6.0918050157,-0.03627307476,6.069633977,-0.03926762955,6.0458638042,-0.02633083786,6.0417065518,-0.02495339201,6.0416977915,-0.02442211081
159,20300363,1,ok,3.839497e-09,3.880764e-09,3.116874e-09,3.186323e-09,1.6787955331,1.4421740731,6.0039081774,-0.002302640219,3.3,0.0,6.0000785991,-0.0003404632042,6.0925017809,-0.03646068757,6.0695137847,-0.03999958998,6.0455139301,-0.02624667887,6.0417623979,-0.02504423529,6.0408510297,-0.0242683204
160,20300364,1,ok,3.863061e-09,3.875065e-09,3.127947e-09,3.184189e-09,1.6683196717,1.4481269631,6.003888,-0.00234200489,3.3,0.0,6.000082896,-0.0003449465801,6.0925856355,-0.0365340745,6.0696812339,-0.03978356139,6.0452736158,-0.02618143341,6.0415125244,-0.02500902453,6.0415421046,-0.02426586899
161,20300365,1,ok,3.860269e-09,3.88198e-09,3.132444e-09,3.183328e-09,1.6700014519,1.4421447054,6.0039152861,-0.002341015124,3.3,0.0,6.000079899,-0.0003436617751,6.0900170203,-0.03631055209,6.0696375853,-0.03929547038,6.0459971626,-0.02638563932,6.0414480901,-0.0250957237,6.0409499377,-0.02421460126
162,20300366,1,ok,3.850905e-09,3.874252e-09,3.125187e-09,3.182504e-09,1.6714952367,1.4515451415,6.0038826207,-0.00232780806,3.3,0.0,6.0000829726,-0.0003499263825,6.0908937332,-0.03676251489,6.068973437,-0.03935054796,6.0459583508,-0.02606474651,6.0412600841,-0.02498765374,6.0416214947,-0.02461419344
163,20300367,1,ok,3.860834e-09,3.87649e-09,3.130471e-09,3.182656e-09,1.6694807359,1.4563788782,6.0038518537,-0.002337512375,3.3,0.0,6.0000753309,-0.0003464270431,6.0894488608,-0.03634138506,6.06956065,-0.03979896637,6.0457636117,-0.02624315421,6.0408704393,-0.02518102437,6.0412352184,-0.02450982326
164,20300368,1,ok,3.854501e-09,3.890857e-09,3.127974e-09,3.188944e-09,1.6725918052,1.4511759872,6.0039405058,-0.002330215499,3.3,0.0,6.0000791822,-0.0003405767497,6.0918551274,-0.03617127767,6.0695419081,-0.03984335685,6.0454808185,-0.02625252077,6.0406130172,-0.02490294159,6.0409544582,-0.02404401861
165,20300369,1,ok,3.851943e-09,3.88466e-09,3.126801e-09,3.189338e-09,1.672157468,1.4484425102,6.0039178083,-0.002350269837,3.3,0.0,6.0000796333,-0.000346059682,6.0901502921,-0.03647984362,6.0693971249,-0.03983345554,6.0455179458,-0.0261803428,6.0414397142,-0.02484735936,6.0414372498,-0.02444033539
166,20300370,1,ok,3.866138e-09,3.873391e-09,3.138607e-09,3.17931e-09,1.6656070397,1.4457531305,6.003881347,-0.002376059181,3.3,0.0,6.0000771894,-0.0003401691154,6.0901779351,-0.0366517046,6.0699838962,-0.0397600622,6.0456021092,-0.02627075447,6.0414086097,-0.02526693598,6.0412863705,-0.02422253185
167,20300371,1,ok,3.865555e-09,3.875958e-09,3.13193e-09,3.181934e-09,1.6670886972,1.4526783543,6.0038846019,-0.002345615256,3.3,0.0,6.0000785144,-0.0003422886218,6.0901501441,-0.03654786139,6.0695750374,-0.03994312156,6.0453719742,-0.02628515841,6.0403427738,-0.02471569554,6.0412876356,-0.02445239797
168,20300372,1,ok,3.853175e-09,3.884384e-09,3.125825e-09,3.188346e-09,1.673402459,1.4427315509,6.0039230607,-0.002323903682,3.3,0.0,6.0000762214,-0.0003402567324,6.0891019334,-0.03679364629,6.0700344296,-0.03951587415,6.0458031893,-0.02618812583,6.0412501357,-0.02512288062,6.0406018321,-0.02419154216
169,20300373,1,ok,3.853838e-09,3.885023e-09,3.125282e-09,3.188103e-09,1.6714612644,1.4532672209,6.003839426,-0.002348165761,3.3,0.0,6.0000790275,-0.0003481694479,6.0922805512,-0.03666406152,6.0693766302,-0.03984666914,6.0456771329,-0.02634211249,6.0414831691,-0.02478285366,6.041350992,-0.02450844089
170,20300374,1,ok,3.850562e-09,3.87861e-09,3.125172e-09,3.184736e-09,1.6726893957,1.4484268545,6.0039034421,-0.002348418734,3.3,0.0,6.0000819698,-0.0003457262705,6.0884647709,-0.03702275084,6.0700977226,-0.04001522772,6.0459392205,-0.02632437507,6.0408593347,-0.02498933586,6.0414147466,-0.02419102986
171,20300375,1,ok,3.861584e-09,3.881685e-09,3.13114e-09,3.184278e-09,1.6696551432,1.4541379071,6.0039175967,-0.002349033294,3.3,0.0,6.0000762164,-0.000333811015,6.0876871946,-0.03633134997,6.0690705269,-0.03940365875,6.0457807025,-0.02623431777,6.0413694818,-0.02518790267,6.0408062397,-0.02441731589
172,20300376,1,ok,3.857619e-09,3.883741e-09,3.12732e-09,3.18746e-09,1.6706459558,1.4468823721,6.0038654076,-0.002333756485,3.3,0.0,6.0000777737,-0.0003444001682,6.0864607572,-0.0359907381,6.0696533124,-0.03962461615,6.0458800905,-0.02626035398,6.0413033162,-0.0251291775,6.0411750392,-0.02427982469
173,20300377,1,ok,3.847517e-09,3.885408e-09,3.12234e-09,3.189145e-09,1.6743152386,1.4464212369,6.0039199798,-0.00233798638,3.3,0.0,6.0000781651,-0.0003422404105,6.0919674946,-0.03694617122,6.06945698,-0.03994237688,6.0453931079,-0.02622956768,6.041202104,-0.02502157251,6.0410240408,-0.02435690286
174,20300378,1,ok,3.86235e-09,3.8828e-09,3.130227e-09,3.186254e-09,1.6681809455,1.4469783236,6.0039215929,-0.002348858963,3.3,0.0,6.0000809734,-0.0003482488529,6.0897442616,-0.03647813692,6.0694865291,-0.03986688292,6.0459555563,-0.02625670693,6.041224569,-0.02492633233,6.0411059164,-0.02454567319
175,20300379,1,ok,3.857976e-09,3.875093e-09,3.128509e-09,3.179946e-09,1.6703268552,1.45070875,6.0038858425,-0.002345272188,3.3,0.0,6.0000753621,-0.0003503160335,6.0889467461,-0.03610142869,6.0690366246,-0.03933232037,6.0459697833,-0.02631977139,6.0406841173,-0.02496306156,6.0408770164,-0.02454962989
176,20300380,1,ok,3.843336e-09,3.886105e-09,3.121239e-09,3.187394e-09,1.6772198987,1.4453538802,6.0039266857,-0.002319318196,3.3,0.0,6.000076786,-0.0003477027014,6.0874480826,-0.03642891715,6.069512929,-0.03951807966,6.0458125664,-0.02625759392,6.0406828848,-0.02504724444,6.0407976208,-0.02420675299
177,20300381,1,ok,3.852107e-09,3.878102e-09,3.124908e-09,3.182369e-09,1.6720779771,1.4540295611,6.0038363265,-0.002334098227,3.3,0.0,6.0000839366,-0.000342723782,6.0899049448,-0.03678012308,6.0690285884,-0.03953175351,6.0449525419,-0.02619461958,6.0412260526,-0.02498475421,6.0412815656,-0.0245183057
178,20300382,1,ok,3.854983e-09,3.878076e-09,3.126726e-09,3.184171e-09,1.6720873842,1.4560765785,6.0038087922,-0.002331535098,3.3,0.0,6.0000748656,-0.0003473274188,6.0898236128,-0.0367309482,6.069486011,-0.03944932705,6.0458545149,-0.02623873351,6.0413479559,-0.02514389026,6.040909646,-0.0244064526
179,20300383,1,ok,3.851816e-09,3.877153e-09,3.128074e-09,3.182146e-09,1.6726747099,1.444526705,6.0038951297,-0.002333953997,3.3,0.0,6.0000784417,-0.0003464217217,6.0910178528,-0.03613453905,6.0699173196,-0.03973334348,6.0454971724,-0.02633135996,6.0412809373,-0.02519312267,6.0414312217,-0.02433587213
180,20300384,1,ok,3.846641e-09,3.884293e-09,3.118716e-09,3.187004e-09,1.6758269163,1.4492217177,6.0039168992,-0.00229841352,3.3,0.0,6.0000854969,-0.0003529677745,6.088407283,-0.03569402165,6.0697602293,-0.04001688845,6.0461161525,-0.02638550152,6.0411262072,-0.02492182456,6.0413706782,-0.02437766035
181,20300385,1,ok,3.860083e-09,3.887045e-09,3.133438e-09,3.186243e-09,1.668882875,1.4434898706,6.0039320149,-0.002352483886,3.3,0.0,6.0000850697,-0.0003416489149,6.0905355248,-0.03676385318,6.0686784093,-0.03992082112,6.0454793477,-0.02622558652,6.0409961243,-0.02517447189,6.0411268136,-0.02428917189
182,20300386,1,ok,3.855837e-09,3.877595e-09,3.128207e-09,3.183652e-09,1.6715310623,1.4556829021,6.0038930068,-0.002348821685,3.3,0.0,6.0000763672,-0.0003405877235,6.0871025236,-0.03657739899,6.0691418828,-0.03923959192,6.0459905882,-0.02630628373,6.0409197579,-0.02506127502,6.0411242376,-0.02439373763
183,20300387,1,ok,3.84194e-09,3.873619e-09,3.11877e-09,3.180008e-09,1.67811104,1.4577791486,6.0038483307,-0.002302732533,3.3,0.0,6.0000760133,-0.0003386881288,6.0874866769,-0.03626314308,6.0691799895,-0.03932102638,6.0458447831,-0.02616346823,6.0402661292,-0.02480551699,6.0407986959,-0.02386017342
184,20300388,1,ok,3.856771e-09,3.873911e-09,3.128936e-09,3.180983e-09,1.6709355157,1.449054265,6.0038844646,-0.002344267842,3.3,0.0,6.0000775095,-0.0003471525515,6.0872354312,-0.03673516212,6.069459249,-0.03957826264,6.0457068506,-0.02619346707,6.0411615807,-0.02503467218,6.0412115895,-0.02434373
185,20300389,1,ok,3.857929e-09,3.884235e-09,3.127609e-09,3.187198e-09,1.6699463507,1.4410571543,6.0039232776,-0.002349580626,3.3,0.0,6.0000787982,-0.0003447396661,6.0929767009,-0.03621374066,6.0695184538,-0.03978979556,6.0458458192,-0.02633995867,6.0417753927,-0.02520529677,6.0416405339,-0.0242975117
186,20300390,1,ok,3.857339e-09,3.886702e-09,3.127814e-09,3.187306e-09,1.6706095143,1.4481960957,6.0039255928,-0.002329036772,3.3,0.0,6.0000816587,-0.0003420052982,6.0899800704,-0.03587839257,6.0702353228,-0.03995029943,6.0454838373,-0.02626670285,6.0412860518,-0.02511028069,6.041539439,-0.02465321707
187,20300391,1,ok,3.851916e-09,3.879419e-09,3.127435e-09,3.184033e-09,1.6739799644,1.4411574569,6.0039063051,-0.002316804995,3.3,0.0,6.0000789997,-0.0003376181276,6.0895923228,-0.03612036011,6.0695872319,-0.03960677501,6.0458903473,-0.02616590892,6.0414121652,-0.02498299193,6.0409538727,-0.0241625331
188,20300392,1,ok,3.849204e-09,3.882217e-09,3.125209e-09,3.186995e-09,1.67429909,1.4483901055,6.0039148514,-0.002315057064,3.3,0.0,6.0000849704,-0.0003476261252,6.0895077807,-0.03728710619,6.0691864119,-0.03987633163,6.0454810415,-0.02629953567,6.041158425,-0.02502578439,6.041356771,-0.02451712611
189,20300393,1,ok,3.855672e-09,3.879479e-09,3.124597e-09,3.186104e-09,1.6712213985,1.4513186399,6.0038996901,-0.002332535446,3.3,0.0,6.0000766035,-0.0003389941915,6.0896807464,-0.03730828019,6.0693161343,-0.03942895418,6.0460587208,-0.02616904023,6.0401537161,-0.02508695304,6.041536192,-0.02445386922
190,20300394,1,ok,3.865444e-09,3.869663e-09,3.132376e-09,3.177926e-09,1.6667770646,1.4486520803,6.0038666261,-0.002351323437,3.3,0.0,6.0000787576,-0.0003450509544,6.0889806474,-0.03609684384,6.0696950789,-0.03982090184,6.0454135166,-0.02633090416,6.0413996181,-0.02516063427,6.0416780221,-0.02452516054
191,20300395,1,ok,3.85652e-09,3.879012e-09,3.124531e-09,3.18734e-09,1.6702107872,1.4504923594,6.0038984401,-0.002351255481,3.3,0.0,6.0000818771,-0.0003428779861,6.0917985069,-0.03664453086,6.0694063157,-0.0399077737,6.0450115143,-0.02616315997,6.0414963008,-0.02504452194,6.0417262071,-0.0246573462
192,20300396,1,ok,3.849237e-09,3.874324e-09,3.122514e-09,3.185411e-09,1.6748331006,1.4482938986,6.0038844405,-0.002314255504,3.3,0.0,6.0000790849,-0.0003487608057,6.0943028242,-0.0370329511,6.0699053748,-0.03975419596,6.0457287676,-0.02625168756,6.0414476813,-0.02496397001,6.0409109944,-0.02425121079
193,20300397,1,ok,3.86218e-09,3.877815e-09,3.131196e-09,3.18334e-09,1.6676563049,1.4559936766,6.0038839156,-0.002334899588,3.3,0.0,6.0000802917,-0.0003466097607,6.0881163365,-0.03643127028,6.0699324856,-0.03910733707,6.0458762848,-0.02624817937,6.0413751703,-0.02507350446,6.0412593964,-0.02414124434
194,20300398,1,ok,3.850153e-09,3.878829e-09,3.119866e-09,3.186071e-09,1.6744713776,1.4408261716,6.0039134305,-0.00230478804,3.3,0.0,6.0000837766,-0.0003416220355,6.0904762393,-0.03684212199,6.0697301946,-0.03964820123,6.0459598341,-0.02611836028,6.0410181156,-0.02494057344,6.0407682704,-0.02432220861
195,20300399,1,ok,3.85709e-09,3.882318e-09,3.127193e-09,3.187691e-09,1.6705250665,1.4491544119,6.0039117638,-0.002337553453,3.3,0.0,6.0000788971,-0.0003392992863,6.0885598154,-0.0363584404,6.0694879896,-0.03989150991,6.0455176004,-0.02623824734,6.0415630244,-0.0251050945,6.0417652754,-0.02462800301
196,20300400,1,ok,3.861596e-09,3.879499e-09,3.132148e-09,3.183388e-09,1.6692959632,1.4473607635,6.0039053873,-0.00235292591,3.3,0.0,6.0000829827,-0.0003376005433,6.08833927,-0.03622305622,6.0688778265,-0.03958194258,6.0459492832,-0.02636875781,6.0412718304,-0.02495797789,6.0411456014,-0.02430595446
197,20300401,1,ok,3.858487e-09,3.875843e-09,3.127636e-09,3.184508e-09,1.6699572675,1.4438105894,6.0038916009,-0.002341238815,3.3,0.0,6.0000757394,-0.0003445291373,6.0902408974,-0.0365924472,6.0693451173,-0.03947908718,6.0460441856,-0.02624273851,6.041462584,-0.02505415218,6.0411435372,-0.02414925547
198,20300402,1,ok,3.860561e-09,3.885444e-09,3.133331e-09,3.186064e-09,1.6686079529,1.4460487213,6.0039211751,-0.002355982892,3.3,0.0,6.0000842329,-0.0003452007544,6.0908998107,-0.03635473534,6.0697322757,-0.03968865838,6.0454891213,-0.02628548702,6.0406314455,-0.02493171425,6.0409805866,-0.02436528437
199,20300403,1,ok,3.852246e-09,3.881964e-09,3.124627e-09,3.184943e-09,1.6736104964,1.4528003905,6.0038450048,-0.002320568794,3.3,0.0,6.0000749116,-0.000342626191,6.0896881261,-0.03605629653,6.069393703,-0.03973264742,6.0458861264,-0.02637789098,6.0409679127,-0.02491366543,6.0407246969,-0.02444470983
200,20300404,1,ok,3.85671e-09,3.887267e-09,3.126577e-09,3.191243e-09,1.67078209,1.4482277386,6.0039235065,-0.002345431634,3.3,0.0,6.0000756293,-0.0003444622642,6.0884544632,-0.03682486072,6.0695454065,-0.03941056183,6.0461836125,-0.02616741686,6.0404520737,-0.02479832656,6.0406430542,-0.02445570942
